code,date,open,high,low,close,nmVolume,macd,rsi,cci,adx
ACB,2020-12-09,28.1,28.95,27.8,28.55,24200930.0,0.0,,,
ACB,2020-12-10,28.8,28.8,27.9,27.95,9233750.0,-0.01346153846153797,0.0,-66.66666666666777,
ACB,2020-12-11,28.1,28.25,27.8,28.2,4459820.0,-0.009400186897380536,30.1204819277108,-85.2941176470593,100.0
ACB,2020-12-14,28.3,28.5,28.1,28.2,7325960.0,-0.007322629873563358,30.1204819277108,11.11111111111279,44.23076923077008
ACB,2020-12-15,28.2,28.25,27.9,28.0,7305490.0,-0.013998016956165316,23.94565105975876,-93.02325581395287,9.676079734219414
ACB,2020-12-16,28.0,28.45,28.0,28.25,10461450.0,-0.007057567320781999,39.882351370740935,13.207547169812187,20.905279246529854
ACB,2020-12-17,28.1,28.85,28.05,28.3,13567290.0,-0.0002199409596705948,42.38038321828129,98.32285115304032,49.84153574603077
ACB,2020-12-18,28.45,28.65,28.3,28.4,11693630.0,0.009124414640755418,46.94181928579547,101.14942528735625,49.841535746030786
ACB,2020-12-21,28.5,29.3,28.35,28.95,22481640.0,0.042743875344296356,63.418734278645914,195.91836734693902,69.34456879554189
ACB,2020-12-22,28.95,29.0,28.6,28.75,7573290.0,0.05566887508577523,56.78514130595967,129.5999999999986,69.34456879554187
ACB,2020-12-23,28.8,28.85,28.0,28.1,11216860.0,0.029598853282948312,42.01103425576491,-19.216241737489074,22.350106489271436
ACB,2020-12-24,28.1,28.3,26.5,27.3,15831250.0,-0.033861835591181944,31.557394010111935,-243.2234432234442,28.770676532207723
ACB,2020-12-25,27.3,28.0,27.2,27.95,9194080.0,-0.04375949975309723,43.39594045468726,-126.97961119013702,28.770676532207716
ACB,2020-12-28,28.3,28.3,27.65,27.8,6223680.0,-0.05929311432916151,41.675065570652464,-71.88126754913723,18.200349687325744
ACB,2020-12-29,27.8,27.95,27.6,27.7,6501920.0,-0.07618543092249297,40.56565902194576,-97.48892171344174,19.341890605921936
ACB,2020-12-30,27.75,28.2,27.75,27.8,6741290.0,-0.08198068150723614,42.158517194135506,-56.69835782195282,11.307417453562628
ACB,2020-12-31,27.9,28.3,27.85,28.1,6774680.0,-0.06681762888941378,46.599975828594104,-19.438904401010824,8.290671187374741
ACB,2021-01-04,28.55,28.85,28.5,28.65,10776300.0,-0.01970748978625636,53.38807166858997,105.52868002764374,6.177326420373736
ACB,2021-01-05,28.6,29.6,28.3,29.35,18693900.0,0.06164097310620775,60.07082533145718,172.54734848484804,21.05583065540794
ACB,2021-01-06,29.7,30.6,29.3,29.9,15883900.0,0.15944763221897063,64.23822674011824,267.5548154315858,35.22437072149494
ACB,2021-01-07,29.9,30.0,29.6,29.9,11636100.0,0.23310467297103443,64.23822674011824,206.49371838799146,35.224370721494935
ACB,2021-01-08,29.95,30.4,29.8,30.2,15519300.0,0.3074760955033433,66.29182425064128,203.79693194338498,39.84581178083444
ACB,2021-01-11,30.5,30.9,30.15,30.35,9821800.0,0.3717001688940016,67.26415300072168,201.0452033819324,44.92670543522702
ACB,2021-01-12,30.25,30.3,29.95,30.1,9277600.0,0.4000076020582277,64.07735552693342,144.71174136912305,40.03245502773661
ACB,2021-01-13,30.3,30.35,29.7,29.85,9915300.0,0.39994068819392226,61.08358465467334,118.3544614779877,34.17327223283102
ACB,2021-01-14,29.9,29.9,29.2,29.85,8491200.0,0.39520160960086415,61.08358465467334,83.67021276595767,23.48345297777155
ACB,2021-01-15,30.0,30.4,29.95,30.25,8184100.0,0.41524402946346584,63.96622362657019,122.00704225352118,29.309681882960437
ACB,2021-01-18,30.35,30.5,29.9,29.95,8419100.0,0.4045804636495376,60.489865099809734,106.70170827858051,30.406051297216653
ACB,2021-01-19,29.8,29.9,27.9,27.9,13077400.0,0.24377795181166562,43.70100707544277,-20.867508680119258,1.273773197288303
ACB,2021-01-20,28.0,28.3,26.3,28.3,12323000.0,0.1444681613237897,46.68773108825907,-96.14123817551729,17.799885149253743
ACB,2021-01-21,28.8,29.1,28.35,28.95,6535000.0,0.1127696659691182,51.052872333337625,1.1837121212121573,8.413173640898252
ACB,2021-01-22,28.9,29.1,28.5,28.65,5438100.0,0.06461459349451815,49.13213521924601,-4.67627633418499,8.41317364089825
ACB,2021-01-25,28.3,28.5,28.05,28.1,7683600.0,-0.014498750513812553,45.859892775743035,-51.56136528685542,12.605192925114972
ACB,2021-01-26,28.05,28.65,27.5,27.8,8096200.0,-0.09852462322172784,44.19888018908027,-70.42794089426219,17.38616781002234
ACB,2021-01-27,27.8,28.35,27.2,27.5,6387700.0,-0.18555465806771565,42.60263498147188,-94.08754974417305,19.859954458651355
ACB,2021-01-28,26.0,26.7,25.6,25.6,15154800.0,-0.3943754214998094,34.45098404209335,-215.34437663469924,31.222549544458957
ACB,2021-01-29,24.5,26.9,24.5,26.8,7621200.0,-0.46257611642285923,41.734953449379574,-185.09615384615387,37.52263723242499
ACB,2021-02-01,26.8,27.4,26.3,26.65,7528200.0,-0.5220018362222518,41.14374715525843,-122.07105064247946,31.843782597079755
ACB,2021-02-02,26.65,27.4,26.35,27.35,6544600.0,-0.5092256073769548,44.91107528834593,-96.84439608269868,31.843782597079755
ACB,2021-02-03,27.35,28.2,27.2,28.1,7054500.0,-0.43608703524738957,48.560497255578845,-42.061101549053625,23.13730100015593
ACB,2021-02-04,28.1,28.2,27.8,28.2,4250800.0,-0.3661679628019421,49.0262637539101,-26.265214606021786,23.13730100015594
ACB,2021-02-05,28.2,28.65,28.15,28.5,5610600.0,-0.2841719865804535,50.4195066617693,-5.220204396735644,18.429563895774294
ACB,2021-02-08,28.5,28.75,27.2,27.5,5755400.0,-0.2937974315604315,46.07676170378862,-46.389851758979454,24.715400195952313
ACB,2021-02-09,27.5,28.55,27.3,28.55,5954800.0,-0.21682772758543933,50.690071906593026,-26.024651024650705,24.715400195952302
ACB,2021-02-17,28.8,29.5,28.7,29.4,6855800.0,-0.08823340227825938,53.98672126411925,42.14759103432859,15.214112372943006
ACB,2021-02-18,29.4,29.45,28.8,29.15,5547900.0,-0.0059306551864004575,52.910444080098,35.070028011204116,15.214112372943017
ACB,2021-02-19,29.0,31.15,28.9,31.1,31184200.0,0.21027616079690503,59.43571912088537,109.76794387479788,0.5452693408067051
ACB,2021-02-22,31.5,32.2,31.1,31.6,12587300.0,0.4161618710190105,60.873855049919236,168.99224806201565,7.018694710189679
ACB,2021-02-23,31.85,32.25,31.45,31.7,13951000.0,0.5804571840222899,61.15876162742275,159.87841945288747,7.362000355507839
ACB,2021-02-24,31.65,31.85,31.0,31.2,18685200.0,0.6634025508088399,58.93887635811588,127.4080560420314,3.794012447882843
ACB,2021-02-25,31.5,32.45,31.1,32.4,15014200.0,0.8147593378231086,62.3332847593426,148.0013214403699,8.010706172075702
ACB,2021-02-26,31.9,33.35,31.9,33.05,13071400.0,0.9749731685359109,64.00084282155919,170.5961083084529,13.868656603407779
ACB,2021-03-01,33.4,33.45,32.9,33.25,8464900.0,1.1050305034564865,64.50108259640285,174.3357720446668,14.494525080903339
ACB,2021-03-02,33.4,33.45,32.8,33.0,9574100.0,1.1746289947894937,63.36253368583468,153.33691179101814,13.640289912267098
ACB,2021-03-03,32.9,33.45,32.7,33.25,9072300.0,1.2354056739933483,64.01954759625175,140.36399900274225,12.769909286776358
ACB,2021-03-04,33.4,33.4,32.05,32.4,9814000.0,1.2019467472018839,60.22115058769265,110.02025868786036,7.246628236029133
ACB,2021-03-05,32.1,32.6,31.6,32.45,10157000.0,1.1659566663682206,60.36425371661023,89.82696116903993,3.6121909210993195
ACB,2021-03-08,32.5,32.7,31.55,31.8,16047000.0,1.0731566888402,57.578615331806034,77.97933988410182,4.357293618150333
ACB,2021-03-09,31.5,32.3,31.1,32.05,8819900.0,1.0079568384340831,58.343468235683645,66.27605080345228,0.7323700852028087
ACB,2021-03-10,32.1,33.2,31.9,32.75,12152700.0,1.0007055045088045,60.410985111278855,84.75773657729692,7.388105695865532
ACB,2021-03-11,33.0,33.1,32.75,33.0,7124300.0,1.0033788983635432,61.123861612706435,88.09762621196901,7.388105695865528
ACB,2021-03-12,33.0,33.05,32.65,32.95,5195500.0,0.9900670184370064,60.89698556290293,80.35802104849012,6.538729808350145
ACB,2021-03-15,33.0,33.85,32.6,33.5,18052500.0,1.011897525900725,62.481650801815455,87.44022640772904,12.280590972740855
ACB,2021-03-16,33.4,33.7,33.05,33.45,6112900.0,1.013493803190432,62.244426958460984,84.72477886197414,12.280590972740859
ACB,2021-03-17,33.45,33.55,33.2,33.5,6246400.0,1.0071466484090763,62.3921362326969,80.87578194816788,12.280590972740862
ACB,2021-03-18,33.9,34.25,33.5,33.95,10281900.0,1.0263758904363627,63.71383808434274,92.42373860235561,17.20766366671935
ACB,2021-03-19,33.95,34.2,33.7,33.8,7108900.0,1.017832035544032,62.95095296368174,90.73934364390796,17.20766366671934
ACB,2021-03-22,34.05,34.1,33.35,33.4,8706000.0,0.9677794959538772,60.938125915079596,79.57055214723923,13.7878252407023
ACB,2021-03-23,33.55,33.55,32.8,33.0,10347000.0,0.8857676772616756,58.98700687288798,59.31782245312854,8.635092478712052
ACB,2021-03-24,32.4,32.75,32.05,32.45,9941600.0,0.7677278354275785,56.417586676755214,27.35707121364095,2.1121849500702368
ACB,2021-03-25,32.45,32.6,31.9,32.05,8322000.0,0.6347135592050677,54.627353930448116,11.910112359550615,0.8592170969791255
ACB,2021-03-26,32.0,32.45,31.35,32.45,7931700.0,0.5550602770906465,56.0694200885918,0.7937767899668866,3.6263302307410115
ACB,2021-03-29,32.9,33.1,32.4,33.0,6981300.0,0.530054350171973,57.969540698316464,39.40127668941258,1.717468691180797
ACB,2021-03-30,33.1,33.5,32.75,33.3,8053200.0,0.528276928827502,58.970895742725986,59.59673302705433,4.841375270470625
ACB,2021-03-31,33.5,33.8,33.25,33.3,4986100.0,0.5208613548286891,58.97089574272599,78.25584753104212,7.1315798673392745
ACB,2021-04-01,33.45,33.85,33.3,33.85,10439300.0,0.5528704509596452,60.803058630158944,97.33229155039663,7.5153470227173305
ACB,2021-04-02,34.2,35.0,34.0,34.65,13979400.0,0.6353043241997085,63.270983315224015,182.65813788201933,15.794593555435613
ACB,2021-04-05,35.3,35.3,34.6,34.75,7433500.0,0.7006035722349822,63.567603521124205,200.93296475466505,17.78087446305402
ACB,2021-04-06,34.7,34.95,34.15,34.75,7565000.0,0.7437756834136167,63.567603521124205,160.81540203850568,13.621983132662733
ACB,2021-04-07,34.5,34.7,34.3,34.4,6400900.0,0.7412550703523948,61.70122480311927,138.36952734874018,13.621983132662724
ACB,2021-04-08,34.35,34.7,34.2,34.4,4687900.0,0.7308304355004296,61.70122480311927,124.64199793790816,12.675816751263714
ACB,2021-04-09,34.3,34.6,34.2,34.4,5401500.0,0.7143323404296709,61.70122480311927,110.86693769915419,12.675816751263714
ACB,2021-04-12,34.6,35.2,34.45,35.15,12513500.0,0.7529997156026695,64.1950714044091,146.21489621489619,17.10797890221098
ACB,2021-04-13,35.35,35.5,34.4,34.6,8736000.0,0.7308997242370978,61.17323478431242,124.62093862815946,19.228452042014283
ACB,2021-04-14,34.3,34.75,34.15,34.6,5073300.0,0.705254070647598,61.17323478431242,88.41802670623152,16.65587335742267
ACB,2021-04-15,34.65,34.7,33.8,33.85,9686700.0,0.6173681018311115,57.24115120376388,52.39910730890863,13.120925567099286
ACB,2021-04-16,33.8,34.05,32.7,33.1,8403400.0,0.4817154195986504,53.67225133079881,-21.201241994954135,2.975756620632376
ACB,2021-04-19,33.5,33.75,32.8,33.7,4291900.0,0.4177580773131311,55.945413289316726,-14.457707347191235,2.9757566206323705
ACB,2021-04-20,34.0,34.4,33.2,33.6,7166900.0,0.3549188045002012,55.476095434757994,9.647371922820756,8.182985715678317
ACB,2021-04-22,33.4,33.6,32.5,32.5,7843500.0,0.21397179585874682,50.64185610774421,-78.59306630764078,2.0795668043788726
ACB,2021-04-23,32.4,33.45,32.1,33.4,6687700.0,0.17283995693033916,54.032238594781184,-67.03000337116589,1.2149420774003303
ACB,2021-04-26,33.4,33.4,32.6,33.3,7119100.0,0.13067357724168716,53.60897769665107,-56.539509536784834,1.214942077400329
ACB,2021-04-27,33.0,34.0,32.65,34.0,6393000.0,0.15194826586860444,56.09925860775947,-11.481056257175252,3.7704366060745524
ACB,2021-04-28,33.5,34.3,33.4,33.8,5675200.0,0.15094080483915917,55.22308478867439,16.363217331182632,6.1611604398424245
ACB,2021-04-29,33.8,34.65,33.6,34.65,16646300.0,0.21619539377038421,58.10020020955191,60.55979643765963,8.89292365370781
ACB,2021-05-04,34.0,34.75,33.5,34.45,9333200.0,0.24891115400352248,57.20550469032162,51.76536002224083,8.89292365370781
ACB,2021-05-05,34.6,35.85,34.6,35.3,17558400.0,0.3394763450592748,59.91911290512832,139.22077922077906,17.017795958864006
ACB,2021-05-06,35.3,35.35,34.65,34.8,7783800.0,0.3666961397182362,57.69295307862425,100.66914498141297,17.017795958864006
ACB,2021-05-07,34.5,35.4,34.5,35.2,12059100.0,0.4157371611774394,58.954968898501065,101.69820475497306,15.51449475816945
ACB,2021-05-10,35.2,36.35,35.2,36.2,13491300.0,0.529159730630198,61.89465683027721,166.02980512036697,22.073456625135684
ACB,2021-05-11,36.4,36.4,35.8,35.8,9777000.0,0.5800960619808748,60.113126562386384,164.35241182447066,22.40145834105948
ACB,2021-05-12,35.55,36.15,35.4,36.15,8991300.0,0.6413022065839584,61.12594409501496,149.41494149414902,18.281243806226225
ACB,2021-05-13,35.7,36.95,35.7,36.2,11724300.0,0.685934110286901,61.27127555145509,171.35663507109012,23.60194410944898
ACB,2021-05-14,36.4,36.7,36.05,36.45,6118400.0,0.7330215078404478,62.00597271373446,167.53121998078743,23.601944109448983
ACB,2021-05-17,37.0,37.2,36.45,36.55,9278700.0,0.7695342089206392,62.30189517791946,175.95984262650887,26.790127050278556
ACB,2021-05-18,36.6,36.6,35.9,36.25,7881100.0,0.7654456692610268,60.83149480409158,124.40315999652715,21.042169304334404
ACB,2021-05-19,36.2,36.7,35.9,36.6,8143500.0,0.7814323804516832,61.91628001665637,122.86758732737673,21.709738732447136
ACB,2021-05-20,36.6,37.5,36.6,37.4,12263200.0,0.8488551089721881,64.25696710241736,159.18245561688795,26.829508679176882
ACB,2021-05-21,37.4,38.3,37.3,37.5,9146500.0,0.8999806665619161,64.53879936118318,171.63569532366736,31.465825915200536
ACB,2021-05-24,37.85,37.85,37.25,37.5,7546600.0,0.9297796841115584,64.5387993611832,144.2401999557058,30.92943951718817
ACB,2021-05-25,37.5,38.25,37.3,38.0,8757400.0,0.9824091633699368,65.97436183696524,144.77243325885001,33.18549050341475
ACB,2021-05-26,38.05,38.65,38.05,38.45,9976000.0,1.0483385617477268,67.21023179354873,154.44596443228428,35.36931603430333
ACB,2021-05-27,38.5,39.15,37.9,38.2,9551700.0,1.0681054396781917,65.83593586218703,139.76197741837055,37.99015924433248
ACB,2021-05-28,38.2,38.9,38.05,38.9,9416000.0,1.127252284014581,67.74625656672522,134.7456612806703,37.99015924433247
ACB,2021-05-31,39.5,41.45,39.0,41.4,16030300.0,1.3601495243679835,73.26860287117789,196.35735176814666,49.22716052190437
ACB,2021-06-01,42.5,42.9,42.0,42.1,11159800.0,1.582951563273582,74.53166677047122,234.26351834815523,54.1179982116349
ACB,2021-06-02,42.65,44.6,42.5,44.6,16009600.0,1.9388790815563794,78.31688232934384,253.68193989883966,58.91766505799663
ACB,2021-06-03,46.3,46.3,44.6,45.9,12265700.0,2.2993361682135713,79.92210358812552,260.02083943863744,62.92931145211834
ACB,2021-06-04,45.0,45.9,45.0,45.3,9488100.0,2.5076829613722325,77.19359334421065,217.2918306082598,62.929311452118355
ACB,2021-06-07,44.9,44.9,42.25,43.0,18505000.0,2.458880264215658,67.98913865660266,147.42524916943512,39.369790313739315
ACB,2021-06-08,42.55,43.4,40.2,40.2,14322800.0,2.1692796722981242,59.112481443276444,86.80360735155256,25.38785948320742
ACB,2021-06-09,40.2,42.6,40.0,42.45,12565100.0,2.0971366451557856,63.11561600125523,88.52344296710983,24.13102457620417
ACB,2021-06-10,34.5,35.35,34.1,34.1,14000300.0,1.3506661348196332,45.87327023943468,-86.6024161802633,4.945407959028169
ACB,2021-06-11,34.4,35.1,33.8,34.65,9532300.0,0.7943044241472421,46.86241713121023,-87.69581665961022,6.1023405291240955
ACB,2021-06-14,34.65,34.9,33.85,34.1,10946100.0,0.30548491480860207,45.99292965102273,-93.4043424825892,6.102340529124104
ACB,2021-06-15,34.1,36.2,33.5,35.35,18178200.0,0.018735018492833433,48.250370964209644,-76.56127515024805,0.43364932531768385
ACB,2021-06-16,35.35,35.45,34.5,34.7,8211200.0,-0.25798904432033964,47.18932017985663,-79.29545610307709,0.4336493253176896
ACB,2021-06-17,34.0,35.0,33.7,34.9,6392600.0,-0.4559018030350188,47.55640620786743,-87.28608694464535,3.8177698861746046
ACB,2021-06-18,35.2,35.5,34.9,35.0,9215200.0,-0.5977892180177378,47.744283014041685,-72.68328024824672,1.5853916971523128
ACB,2021-06-21,34.9,35.2,34.65,34.75,5447600.0,-0.7220842347932717,47.305994423166396,-77.64807843349686,2.6679349905651994
ACB,2021-06-22,35.2,36.0,34.85,35.65,14872000.0,-0.7394453057698556,49.04790785765219,-61.52933563416756,0.9391869878446671
ACB,2021-06-23,35.9,36.4,35.7,35.8,10244600.0,-0.7326551199273865,49.336663943123355,-50.28867425673136,2.7072580091751077
ACB,2021-06-24,36.0,36.45,35.6,36.2,11494200.0,-0.6870780153469909,50.11652602433962,-47.20995367876772,2.2353447827670276
ACB,2021-06-25,36.2,36.6,36.05,36.35,7934000.0,-0.6315740407330637,50.41263364753378,-41.072293696506335,2.9274497558519403
ACB,2021-06-28,36.7,36.8,36.3,36.7,7937700.0,-0.552971147685966,51.11309707407225,-34.46421850637141,3.866153199860245
ACB,2021-06-29,36.9,36.95,36.45,36.45,6677700.0,-0.5050285057811621,50.585099110279025,-34.46880815599959,4.582043705182601
ACB,2021-06-30,36.4,36.5,35.6,35.7,9628000.0,-0.5215388806296488,49.013785724226906,-50.46869544197054,0.20760932453657344
ACB,2021-07-01,35.55,36.2,35.1,35.95,10393200.0,-0.5085883027383673,49.55412663747935,-53.09229810204646,2.2796671089096976
ACB,2021-07-02,36.3,36.4,36.0,36.1,6407100.0,-0.48068038257397205,49.88378783506659,-41.36947218259626,1.2398473076349483
ACB,2021-07-05,36.3,38.1,35.9,37.95,16668600.0,-0.305761872047448,53.740742798312006,-14.08193123628378,7.067784684409095
ACB,2021-07-06,38.0,38.2,36.0,36.0,10070000.0,-0.32078576798430447,49.5801049968887,-26.666149128595347,7.529530709736908
ACB,2021-07-07,36.0,36.9,35.1,36.55,10121600.0,-0.28502702289909365,50.69390744265492,-37.56756756756748,2.775183417826795
ACB,2021-07-08,36.55,37.2,36.0,36.2,7351900.0,-0.2816825355968362,49.967265561590295,-29.51630350795859,4.2352439483348014
ACB,2021-07-09,36.0,36.6,34.0,35.2,11315400.0,-0.35562308685499033,47.93638155781605,-54.72310187688244,5.547061102408202
ACB,2021-07-12,34.5,34.75,32.75,32.75,18353700.0,-0.6049400255485224,43.4595187157807,-94.90620892906938,10.950395945865424
ACB,2021-07-13,33.3,33.3,32.3,32.9,6672200.0,-0.781414195586386,43.79199079211397,-108.54069742626662,12.807981794270873
ACB,2021-07-14,32.9,33.0,31.1,31.75,10810500.0,-1.002509243865596,41.84068944252111,-136.23690029804834,17.552440746911476
ACB,2021-07-15,31.4,32.95,31.35,32.75,5095400.0,-1.0845359676597681,44.082023150263474,-131.6563029960427,17.552440746911476
ACB,2021-07-16,33.15,33.6,32.8,33.6,5918800.0,-1.068636898654347,45.91479308142548,-99.36308549692608,13.957983331936525
ACB,2021-07-19,32.9,33.15,31.95,32.15,10019200.0,-1.1596706230371723,43.40428599870082,-134.58471353208176,17.375717036881927
ACB,2021-07-20,32.5,33.9,32.0,33.9,8563400.0,-1.0781777199967735,47.020935389525434,-93.52711613510972,13.26891311443062
ACB,2021-07-21,34.05,34.5,33.75,33.8,8179300.0,-1.0100202157454916,46.843980784957964,-51.38888888888913,10.0813934549807
ACB,2021-07-22,33.8,34.4,33.2,34.1,7161900.0,-0.9211787984331323,47.457636411515516,-55.710475266731684,12.418556096093527
ACB,2021-07-23,33.9,34.15,33.0,33.0,7433000.0,-0.928824637245576,45.4666868118324,-79.225352112676,13.26659606522006
ACB,2021-07-26,32.6,33.1,32.05,32.7,7528400.0,-0.9481615369376328,44.93483682029375,-111.01813110181287,17.205908544784663
ACB,2021-07-27,33.05,33.5,33.0,33.15,5634700.0,-0.9166090264804154,45.91652808838616,-74.76034916724646,14.932196869696215
ACB,2021-07-28,33.2,33.6,33.05,33.15,4846400.0,-0.881442704466167,45.91652808838616,-67.33005944688551,14.358453834622006
ACB,2021-07-29,33.45,34.2,33.3,34.15,7638000.0,-0.7640741135751341,48.11622849665086,-37.035152871750434,10.92155940566662
ACB,2021-07-30,34.3,36.15,34.3,36.15,35156000.0,-0.5038678253541775,52.143348167475715,37.578814627994845,0.7422954261587649
ACB,2021-08-02,35.5,36.0,35.35,35.55,8646400.0,-0.342123471857704,50.91684411732616,40.30376731026946,0.7422954261587832
ACB,2021-08-03,35.45,35.8,35.0,35.8,8766300.0,-0.19155890576028867,51.409488526142894,35.76211497445536,2.4616123162546955
ACB,2021-08-04,36.0,36.0,35.3,35.5,8466500.0,-0.09534374952568925,50.77682740791575,39.58614484930283,1.4230949359255423
ACB,2021-08-05,35.35,36.1,35.3,36.0,13787200.0,0.021010939064119327,51.799534114549054,49.30108608205958,0.8941483436876921
ACB,2021-08-06,36.1,36.15,35.45,35.55,8620800.0,0.07603524930356542,50.816536797841415,47.073208008558304,0.6227143390651468
ACB,2021-08-09,35.4,36.85,35.15,36.5,19240200.0,0.19406222408172624,52.77377662253954,69.00807322466181,3.150796662632987
ACB,2021-08-10,36.8,36.85,36.2,36.5,10457700.0,0.28432196118349395,52.77377662253954,85.5449626384951,3.1507966626330126
ACB,2021-08-11,36.5,36.75,36.0,36.0,16492300.0,0.3119121967223464,51.6168407937933,72.19265022008383,1.9814341251085716
ACB,2021-08-12,35.8,36.0,35.3,35.3,12147100.0,0.27413359116702907,50.02844264377789,39.69763973877715,2.0394281951063116
ACB,2021-08-13,35.2,35.45,34.3,35.35,15125200.0,0.24539953446537766,50.14181303765505,18.765484160034305,7.4330355392582605
ACB,2021-08-16,35.35,36.0,34.8,35.7,12056700.0,0.2480106946806302,50.94766953783442,45.61181898066802,4.169746307569444
ACB,2021-08-17,36.0,36.2,35.4,35.6,8743100.0,0.23925294818693743,50.705437835568645,60.181020912975534,2.99291119435326
ACB,2021-08-18,35.45,35.8,35.3,35.55,7096100.0,0.22567633859389957,50.58104718606279,52.76224175322406,3.5564714584476693
ACB,2021-08-19,35.5,35.55,34.95,35.3,9370500.0,0.19252459382655474,49.947267675214654,41.45610530027027,5.543302563501532
ACB,2021-08-20,35.3,35.35,33.05,33.6,20952900.0,0.028744648995193245,45.90142735012304,-23.48585813712422,15.33788217832911
ACB,2021-08-23,33.5,33.6,32.0,32.0,15602700.0,-0.22753570371498455,42.54598412363057,-97.80092592592605,20.075828558517692
ACB,2021-08-24,32.0,32.5,31.7,32.3,9084200.0,-0.40180055585885555,43.34924011394873,-113.76564277588163,21.37632617006555
ACB,2021-08-25,32.2,32.5,31.9,32.45,4865700.0,-0.5217881223790002,43.75596738750453,-109.29432013769365,21.376326170065546
ACB,2021-08-26,32.55,32.6,31.8,31.95,4944800.0,-0.6497351676607366,42.698867766672855,-116.79498146564016,20.6758761761463
ACB,2021-08-27,31.7,31.85,30.8,31.75,8069600.0,-0.7585285879444825,42.276239804309846,-140.2448979591835,25.144658500745166
ACB,2021-08-30,31.8,32.4,31.6,32.15,8029600.0,-0.8032125920814153,43.43460616377428,-110.08629989212493,21.25796634884533
ACB,2021-08-31,32.5,32.6,32.0,32.0,5528600.0,-0.8410338078203736,43.0990896165046,-98.5278654048373,19.857656412443426
ACB,2021-09-01,32.0,32.75,31.95,32.0,8715300.0,-0.8610813821001457,43.09908961650461,-90.32664900996343,18.793292041679578
ACB,2021-09-06,32.2,32.3,31.95,32.05,7383200.0,-0.862986675384164,43.255450267207166,-89.97940142978332,18.793292041679585
ACB,2021-09-07,32.4,32.75,32.2,32.5,7963700.0,-0.8187474071804957,44.67100543232021,-70.5644682115269,15.500412452988414
ACB,2021-09-08,32.5,32.75,32.1,32.15,4752900.0,-0.8026767673550879,43.79203045048435,-76.11622962437986,16.035457809950586
ACB,2021-09-09,32.0,32.45,31.95,32.45,3431900.0,-0.7570068854476801,44.7558888668513,-75.42274727820211,16.852416614780566
ACB,2021-09-10,32.5,32.55,32.25,32.3,4101100.0,-0.7245645850760809,44.362407910044986,-69.39517962710335,16.073538581526073
ACB,2021-09-13,32.3,32.3,31.9,31.9,5199800.0,-0.7227984981052415,43.31196274619742,-77.57695256873716,18.051260986611624
ACB,2021-09-14,31.85,32.0,31.5,31.5,4511400.0,-0.7450866088495545,42.276392757477836,-85.60336460692315,20.272472525242716
ACB,2021-09-15,31.5,31.5,31.15,31.2,4979200.0,-0.7779894017407045,41.506426913826395,-93.87807377049191,22.181712954519437
ACB,2021-09-16,31.25,31.55,31.2,31.3,3455500.0,-0.7869247614906385,41.87148733363541,-85.93866706502503,21.750839728424634
ACB,2021-09-17,31.6,31.8,31.35,31.6,4572300.0,-0.7610259799382604,42.975970277783865,-72.9708636836629,19.569827193308623
ACB,2021-09-20,32.0,32.3,31.85,32.1,6387800.0,-0.6921762238838092,44.78481118453774,-50.56699055391462,15.29660032323236
ACB,2021-09-21,31.8,32.0,31.45,31.8,3882100.0,-0.6542776756481992,43.92008200107288,-61.38077285579642,17.729867455153215
ACB,2021-09-22,31.8,32.0,31.6,31.6,2681700.0,-0.6330833362512145,43.34291763655279,-59.99139000734383,17.72986745515322
ACB,2021-09-23,31.7,31.8,31.5,31.6,4210800.0,-0.6092634594217685,43.34291763655279,-63.38503034389744,18.357336972640265
ACB,2021-09-24,31.8,32.15,31.6,32.0,6688700.0,-0.551749165023498,44.89287804855416,-47.388226289942,15.176755126573276
ACB,2021-09-27,32.2,32.4,31.5,31.5,4801300.0,-0.5402863992469591,43.35904061103812,-53.18303345617444,12.934255876197447
ACB,2021-09-28,31.5,31.75,31.4,31.6,2517400.0,-0.5171712833786941,43.75662244334679,-67.77231777231795,13.630101857036875
ACB,2021-09-29,31.6,31.7,31.15,31.35,3615100.0,-0.5131104760015504,42.97645153936003,-84.96604289832453,15.379168514408798
ACB,2021-09-30,31.35,31.6,31.3,31.55,4394800.0,-0.4881271056465941,43.805637519211245,-81.54034229828837,15.379168514408793
ACB,2021-10-01,31.5,31.55,31.1,31.5,6441900.0,-0.4669791411503965,43.64151777822039,-96.79889722775322,16.821259930547843
ACB,2021-10-04,31.3,31.4,30.6,31.0,5659000.0,-0.48497455719439486,42.01319757634499,-154.22343324250704,20.33249561686005
ACB,2021-10-05,31.0,31.5,31.0,31.5,2912300.0,-0.45366071988464185,44.168186088877476,-97.1014492753622,19.290640647500098
ACB,2021-10-06,31.55,31.65,31.1,31.35,3321300.0,-0.43592297426578597,43.66458157655343,-85.79316203015475,17.70921304120344
ACB,2021-10-07,31.5,31.5,31.2,31.2,2161800.0,-0.42902390738022333,43.15555551641703,-92.34661606578126,17.70921304120344
ACB,2021-10-08,31.4,31.55,31.25,31.45,3480900.0,-0.39878647641774734,44.27558192440158,-66.2494605092791,17.155187575475157
ACB,2021-10-11,31.6,32.6,31.6,32.6,6684100.0,-0.2788137240025357,49.052463890065496,96.27428086190518,6.28734402998105
ACB,2021-10-12,32.9,32.9,32.4,32.6,3385300.0,-0.1816406135001678,49.052463890065496,149.53551093796804,3.450918298770647
ACB,2021-10-13,32.6,32.9,32.5,32.6,3709300.0,-0.10343785617339663,49.052463890065496,142.85714285714187,3.4509182987706564
ACB,2021-10-14,32.6,32.7,32.2,32.3,4521600.0,-0.06492073263110498,47.867426023554174,94.79896717078509,6.131663257901812
ACB,2021-10-15,32.5,32.55,32.1,32.2,2976800.0,-0.04198086906779963,47.471958745366436,74.80495640201892,7.021868539772035
ACB,2021-10-18,32.35,32.6,32.0,32.0,4543400.0,-0.0394840418671194,46.67414754806929,59.92543420932844,7.925175178820884
ACB,2021-10-19,32.4,32.4,31.9,32.3,3615400.0,-0.013146255257552752,48.0294456830346,63.13036981695843,8.841344105520651
ACB,2021-10-20,32.3,32.65,31.8,32.3,3846400.0,0.007638577601319696,48.0294456830346,72.57836769274131,6.110749031857999
ACB,2021-10-21,32.3,32.3,31.75,31.75,4132200.0,-0.020038699937373394,45.74826537417967,21.624780829923694,6.595573041376815
ACB,2021-10-22,31.9,31.95,31.45,31.6,3827100.0,-0.05346062671725349,45.143345838491875,-22.05882352941198,9.496314464837901
ACB,2021-10-25,31.7,31.7,31.1,31.25,5200400.0,-0.10695688563335537,43.74706760504745,-75.71138211382039,12.76593762060762
ACB,2021-10-26,31.25,31.25,30.8,31.1,5259100.0,-0.15961683851372754,43.15528971930724,-121.21212121212123,15.473634822984037
ACB,2021-10-27,31.15,31.8,31.15,31.4,5828200.0,-0.17512401806305533,44.702913126982075,-52.92150304938051,9.053860875068677
ACB,2021-10-28,31.65,31.85,31.5,31.85,4649100.0,-0.14938036785696696,46.94432462552444,-5.157766990291117,8.486651012275917
ACB,2021-10-29,31.85,33.0,31.75,33.0,13597100.0,-0.03577061246748414,52.07943578364916,134.03230376877386,3.460365679328501
ACB,2021-11-01,32.8,32.9,32.4,32.7,5293300.0,0.02971589876884906,50.75377317329544,136.866523911491,3.4603656793285094
ACB,2021-11-02,32.7,33.15,32.55,33.15,7009200.0,0.11658178653500784,52.62501674825578,160.11692107827196,5.871887520666529
ACB,2021-11-03,33.3,34.1,33.25,33.85,13060100.0,0.2391509928868416,55.35487553647651,232.568087836875,14.288397075581294
ACB,2021-11-04,34.05,34.05,33.45,33.5,4197400.0,0.3045354031831664,53.752791127845725,194.08740359897203,14.288397075581285
ACB,2021-11-05,33.8,33.8,33.3,33.5,3967400.0,0.3522920163123615,53.752791127845725,157.9908138028499,12.587349603776024
ACB,2021-11-08,33.5,33.65,33.2,33.4,5385300.0,0.3777162345421061,53.28129002181542,132.0000000000002,11.443416292509644
ACB,2021-11-09,33.4,33.8,33.35,33.45,5047900.0,0.3973196392122631,53.49229846517981,131.93331195896164,12.817941616586154
ACB,2021-11-10,33.5,33.55,33.15,33.4,4367400.0,0.40416196897824364,53.24352785477751,108.08959156785308,10.45326134200016
ACB,2021-11-11,33.3,33.55,32.5,33.0,7129400.0,0.37300810288822817,51.270257658559004,69.96209728363908,3.1820772298384514
ACB,2021-11-12,33.0,33.35,32.65,33.35,4376100.0,0.3722692261113494,52.85192451047947,73.79201680672307,3.1820772298384474
ACB,2021-11-15,33.4,33.6,33.25,33.4,4878900.0,0.3714365536244131,53.07700189913338,95.54140127388543,5.7362168213902285
ACB,2021-11-16,33.35,33.4,32.8,33.15,5211500.0,0.346608260024297,51.79799149072535,62.34117329007866,0.7853413636178872
ACB,2021-11-17,33.15,33.5,32.8,33.3,4360500.0,0.3351717533678311,52.508320789341234,66.13815278855745,1.8419036490507388
ACB,2021-11-18,33.5,33.5,32.5,32.5,5497600.0,0.2585742431771081,48.56014439706582,25.916784203103482,1.416232181704493
ACB,2021-11-19,32.7,33.9,32.55,33.45,9794000.0,0.2713987087897536,52.90980876411873,71.18478790833694,2.8698333285637436
ACB,2021-11-22,33.5,34.8,33.0,34.15,9151000.0,0.33419395951364095,55.76120138860082,133.39145597210032,11.56870808100042
ACB,2021-11-23,34.25,34.3,33.7,33.95,3839600.0,0.36362962378773744,54.78078617702866,121.62162162162143,11.568708081000405
ACB,2021-11-24,33.9,35.45,33.75,35.35,14295800.0,0.494228737266198,59.88789037949395,184.44635714647387,21.216858840112522
ACB,2021-11-25,35.5,35.55,34.95,35.15,7083400.0,0.5749633278554995,58.90472392234076,195.2947845804991,21.982552873624854
ACB,2021-11-26,35.15,35.3,34.6,34.6,6209000.0,0.5877899922777914,56.27644967190685,149.88386391583566,17.835962592320005
ACB,2021-11-29,33.8,34.3,33.8,34.15,6095500.0,0.5552434761306699,54.228491146187835,83.25742393878635,9.069172185114418
ACB,2021-11-30,34.4,34.5,33.2,33.3,6145400.0,0.4556102405407785,50.628362532281706,46.153846153845976,3.1169731318125193
ACB,2021-12-01,33.1,33.5,33.05,33.5,3620400.0,0.38831228959295316,51.413490631941016,17.06188548293804,1.6818729084819055
ACB,2021-12-02,33.6,33.6,33.2,33.2,2645000.0,0.307229139671783,50.17535573115669,12.269938650307378,2.6165662676000094
ACB,2021-12-03,33.4,33.55,32.55,32.55,4916300.0,0.1883494169004436,47.605754753170984,-35.10016922321136,3.5490792424912896
ACB,2021-12-06,32.3,32.8,31.65,32.3,6499000.0,0.07312058101764052,46.655096914720914,-105.56864548014465,11.1921007207682
ACB,2021-12-07,32.5,32.95,32.1,32.95,2827600.0,0.03386014719814057,49.374245215948825,-74.95568498354056,9.69341262944316
ACB,2021-12-08,32.65,33.4,32.55,33.1,2900500.0,0.01468048934669497,49.982884202915834,-44.88778054862842,5.289225497518431
ACB,2021-12-09,33.0,33.3,32.8,33.3,2156000.0,0.01544080875545717,50.798764155303736,-39.048473967683954,5.289225497518442
ACB,2021-12-10,33.2,33.6,33.1,33.4,4730500.0,0.023837744916491488,51.21041405195058,-11.59442844914804,2.357258249043251
ACB,2021-12-13,33.55,33.8,33.3,33.4,3012700.0,0.030144885840911684,51.21041405195058,3.3219899530057484,0.42855943005473573
ACB,2021-12-14,33.3,33.5,33.1,33.3,2128100.0,0.026765638601993658,50.755964584899466,-28.12241521918859,2.332352553901685
ACB,2021-12-15,33.1,33.55,33.05,33.4,2122900.0,0.03179026665635831,51.20392072745743,-21.48732583515214,2.8129226588756864
ACB,2021-12-16,33.5,33.55,33.0,33.0,2305800.0,0.0034558269899847005,49.346453932542154,-41.90556492411509,3.3051126667093276
ACB,2021-12-17,33.15,33.3,33.05,33.2,2403500.0,-0.0028284870537333973,50.27938086622955,-39.9462907015777,3.3051126667093325
ACB,2021-12-20,33.2,33.3,32.85,33.1,3296100.0,-0.015697069411473308,49.80491687482099,-52.57936507936412,5.356841682028023
ACB,2021-12-21,32.95,32.95,32.8,32.8,2420400.0,-0.04953203195683642,48.38783786520144,-82.82333741330025,5.873367785570112
ACB,2021-12-22,32.65,32.95,32.65,32.7,3385200.0,-0.08345364610654826,47.91770580933541,-89.75276254074171,7.441078216748581
ACB,2021-12-23,32.6,32.65,32.0,32.5,4135300.0,-0.12503378655272712,46.973450653865505,-137.83762866651216,13.871584126933778
ACB,2021-12-24,32.5,33.15,32.2,33.0,4372600.0,-0.11629989338709379,49.544808230772105,-79.40503432494205,7.90600808767515
ACB,2021-12-27,33.3,33.3,32.9,33.15,2459500.0,-0.0961659327379607,50.29286125696366,-32.11113641539511,6.179681523897403
ACB,2021-12-28,33.15,33.75,33.05,33.65,3477400.0,-0.039409514248077926,52.71050974792043,16.300227445033556,1.1571968012462663
ACB,2021-12-29,33.85,34.2,33.7,33.8,3817200.0,0.017472688418777693,53.41370682978081,67.22505462490919,3.5617987116599186
ACB,2021-12-30,33.7,34.0,33.5,33.9,1819600.0,0.06981660572962767,53.88660919143364,49.512106975063894,1.3872121566424178
ACB,2021-12-31,34.0,34.55,34.0,34.5,5651800.0,0.15789441432999496,56.61985584790768,109.25850616781982,6.9458552053621965
ACB,2022-01-04,34.8,34.8,34.25,34.4,4555000.0,0.21712466991466783,56.04709035490952,119.13168562835001,9.348616149147361
ACB,2022-01-05,34.35,34.35,33.65,33.7,5934500.0,0.20521532981315715,52.2216620013642,51.10497237569129,2.760866335805056
ACB,2022-01-06,33.5,34.0,33.1,33.75,5673700.0,0.19753461799413685,52.46141743068891,24.581891580161916,2.7925236211568545
ACB,2022-01-07,33.9,33.95,33.3,33.3,3323800.0,0.15336842365781678,50.11981769140092,21.8511133266866,2.792523621156864
ACB,2022-01-10,33.0,33.4,32.95,33.0,5693200.0,0.09308586772974081,48.623075290528114,-32.86908077994414,6.243053073564457
ACB,2022-01-11,33.0,33.05,32.7,32.75,6395100.0,0.024852117455800737,47.402729411943085,-75.25035765379106,8.639349147543486
ACB,2022-01-12,32.7,33.55,32.55,33.1,7789000.0,-0.0009703606106725715,49.24752820717444,-32.3992994746051,3.1830445091446413
ACB,2022-01-13,33.65,34.25,33.15,33.35,6511900.0,-0.0012475686732500435,50.529640562188916,55.51323557417742,3.8133989040304677
ACB,2022-01-14,33.35,33.45,33.0,33.05,1941100.0,-0.02538216108882807,48.993222529566715,-14.95380512429774,2.2760954477086184
ACB,2022-01-17,33.1,33.65,32.75,32.75,7284700.0,-0.06793339831267531,47.49914799601049,-36.35837592824749,0.27016772283306295
ACB,2022-01-18,32.75,33.05,32.3,32.8,4272600.0,-0.09650848846617777,47.773745851617264,-100.44977511244433,4.68861513446754
ACB,2022-01-19,32.8,33.3,32.8,33.0,2104000.0,-0.10184215183009826,48.88012459916447,-47.02129848749858,2.0892028551201456
ACB,2022-01-20,33.0,33.15,32.7,32.95,3415900.0,-0.10884895757696711,48.613783837097245,-64.59525756336971,3.084952527827043
ACB,2022-01-21,32.95,34.0,32.9,33.45,4404000.0,-0.07321213636704016,51.35573811397885,28.422982885084537,5.376783541276407
ACB,2022-01-24,33.5,34.9,33.5,34.35,13185100.0,0.02733764816111517,55.75217882911075,155.58460963765452,13.182591433370478
ACB,2022-01-25,34.35,35.05,34.35,34.85,4282700.0,0.14569046909546302,57.93702249405787,206.85932569340682,14.400081729862066
ACB,2022-01-26,35.0,35.95,35.0,35.45,8494500.0,0.28461999580598274,60.3664078819029,258.3315644236887,21.254330708385332
ACB,2022-01-27,35.4,35.4,34.55,34.9,6064400.0,0.3463497390146486,57.23190070565497,168.334616371567,16.432051664928434
ACB,2022-01-28,34.9,35.0,34.4,34.55,10258100.0,0.3628462644525854,55.34023855964863,120.44412261646094,14.856929357386845
ACB,2022-02-07,35.0,35.15,34.65,34.7,4548000.0,0.38360170444278197,55.98522467374969,126.29012135647041,16.032039549887756
ACB,2022-02-08,34.7,36.0,34.7,35.75,32461200.0,0.4792522433972053,60.1525360289304,168.84667289525592,22.317048839338952
ACB,2022-02-09,35.9,35.95,35.5,35.6,10149700.0,0.5367647483533204,59.322490240324804,166.57796700372577,22.317048839338952
ACB,2022-02-10,35.6,35.8,35.35,35.55,7632500.0,0.5717188220561056,59.04155391996275,141.47242095545786,20.61213602391317
ACB,2022-02-11,35.3,36.35,35.25,35.7,9575200.0,0.6045549900880829,59.63480708009978,143.0474160895051,24.598612501770102
ACB,2022-02-14,35.4,35.6,34.0,34.0,13153200.0,0.4877792814158397,50.97795635218213,40.47651279274417,11.441715951306222
ACB,2022-02-15,34.05,34.5,34.0,34.5,6631900.0,0.43061564320328927,53.051559396506825,21.40616349880092,11.441715951306222
ACB,2022-02-16,34.7,34.7,34.0,34.2,5099500.0,0.3569903922627944,51.694334963543774,16.631529632233025,13.014444930545105
ACB,2022-02-17,34.15,34.45,34.1,34.3,3913100.0,0.30321573249629097,52.1167497762966,14.17707257534455,13.014444930545105
ACB,2022-02-18,34.1,34.25,33.7,33.85,7318400.0,0.2217317029684338,50.078180902337884,-15.868517993765996,8.876035048876957
ACB,2022-02-21,33.9,34.4,33.55,34.4,7285100.0,0.19923872594932135,52.43077794643844,0.38135189245882584,7.3510680678277485
ACB,2022-02-22,34.0,34.7,33.6,34.7,8094700.0,0.20327712029429534,53.66293892817404,19.518511413773076,9.960316059998304
ACB,2022-02-23,34.8,35.1,34.6,34.6,5857600.0,0.19614734811177925,53.187870675054484,53.563001415763054,13.327137426876822
ACB,2022-02-24,34.35,34.6,33.45,34.45,8892700.0,0.17636023488590524,52.46712288239201,1.0636240572421685,1.985267600905451
ACB,2022-02-25,34.5,34.75,34.3,34.35,5508400.0,0.15087049962540533,51.98133115871396,24.932115527029346,3.2912377194763307
ACB,2022-02-28,34.3,34.35,33.9,33.9,3857100.0,0.09328315149379307,49.833405721148864,-15.593431072889498,0.37078129725284553
ACB,2022-03-01,34.0,34.0,33.55,33.85,5610900.0,0.043113198952305254,49.59783826080201,-44.166621171589284,3.468607125123293
ACB,2022-03-02,33.7,34.0,32.9,32.9,13881600.0,-0.07246853820724652,45.381366839731136,-98.26749062017132,8.909993607934792
ACB,2022-03-03,33.0,33.45,32.9,33.45,8167100.0,-0.11832353412443553,48.02756184393428,-95.57387719678887,8.909993607934789
ACB,2022-03-04,33.4,34.3,33.0,34.3,6925100.0,-0.08509512883106396,51.76379238626866,-40.77494931290891,0.9468277872167857
ACB,2022-03-07,33.5,33.8,33.15,33.25,4694500.0,-0.14185241665870763,47.4085633387302,-90.98737083811749,0.9468277872167743
ACB,2022-03-08,33.0,33.2,32.55,32.6,7221800.0,-0.2365556773000108,44.98475864300787,-155.50818160866547,6.1314483959177535
ACB,2022-03-09,32.75,32.95,32.4,32.7,4172000.0,-0.30008038945744175,45.428790680324724,-161.5419398598241,7.385145172118655
ACB,2022-03-10,33.0,33.4,32.9,32.9,2199800.0,-0.33047632759326007,46.32509567159597,-123.8897745388299,3.1112586001365092
ACB,2022-03-11,32.8,32.95,32.6,32.7,2714900.0,-0.3664791129971192,45.55114235334605,-148.27813116911614,5.699615993467654
ACB,2022-03-14,32.5,32.8,32.45,32.7,2724900.0,-0.39051002335056495,45.55114235334605,-141.00748533279395,6.9848957468044715
ACB,2022-03-15,32.8,33.15,32.7,32.8,2750200.0,-0.3969101950140299,46.0335771135367,-109.97367651360015,3.577294185094071
ACB,2022-03-16,32.9,33.05,32.65,32.8,3294200.0,-0.39740138141684156,46.0335771135367,-106.14145726205486,4.029037162081434
ACB,2022-03-17,33.15,33.2,32.8,32.8,2620300.0,-0.3932574233971806,46.0335771135367,-90.16628440367018,2.5381591051450196
ACB,2022-03-18,33.0,33.1,32.8,32.8,2597000.0,-0.38552916656242786,46.03357711353671,-86.40585420771176,2.5381591051450285
ACB,2022-03-21,32.9,33.0,32.7,32.95,3302500.0,-0.36311495774272373,46.842667947900736,-81.81818181818191,3.524573734439608
ACB,2022-03-22,33.0,33.4,33.0,33.3,3324000.0,-0.31349567781059307,48.69918092965715,-48.10495626822195,0.6367723209433133
ACB,2022-03-23,33.2,33.4,33.15,33.2,2060000.0,-0.2790247812503708,48.20161388654929,-42.06718346253258,0.6367723209433067
ACB,2022-03-24,33.05,33.2,32.85,32.9,2873100.0,-0.27276952290501555,46.720190930228576,-62.70645232327724,2.508546715603086
ACB,2022-03-25,32.9,33.15,32.7,32.7,3338200.0,-0.2807146108346643,45.75047376288953,-72.67020762916441,4.059515905835663
ACB,2022-03-28,32.7,32.8,32.3,32.35,4875800.0,-0.31166059584080585,44.09364442410944,-107.34985818226681,8.09297203676984
ACB,2022-03-29,32.45,32.65,32.3,32.35,3664900.0,-0.3323543379870273,44.09364442410944,-107.94668678486127,8.09297203676984
ACB,2022-03-30,32.4,32.9,32.3,32.6,4154500.0,-0.3248368500621055,45.5995682519965,-85.47286317842037,5.136621149074587
ACB,2022-03-31,32.7,33.2,32.6,33.05,5523400.0,-0.27934779997821835,48.19784502744407,-41.810642709053745,1.6842558822695943
ACB,2022-04-01,33.05,33.4,33.0,33.4,5865500.0,-0.2126045521922677,50.11489206287632,0.36549707602274734,0.5675089927616092
ACB,2022-04-04,33.6,33.7,33.4,33.5,4794400.0,-0.14991278196470859,50.654634449194816,39.81623277182168,3.870743632093774
ACB,2022-04-05,33.4,33.4,32.95,33.0,4508400.0,-0.13897293028215785,47.970038463560755,-13.051791503865813,1.2212644345994303
ACB,2022-04-06,32.85,33.3,32.75,33.2,4156600.0,-0.11286366836255723,49.08658097086915,-11.123897199845812,3.39857369461189
ACB,2022-04-07,33.4,34.15,33.25,33.6,9648900.0,-0.059212666364715005,51.25099702710444,97.491909385113,5.736506705771749
ACB,2022-04-08,33.7,34.0,33.65,33.85,8904400.0,0.003439402623335752,52.555069049179046,141.2760416666671,5.736506705771748
ACB,2022-04-12,33.85,33.85,33.35,33.45,4923200.0,0.020577754080036925,50.326747092807366,94.41764300482494,2.322093436094089
ACB,2022-04-13,33.5,33.85,33.3,33.65,5053900.0,0.049725149049365314,51.392748202771756,108.68031051517319,1.755565531447719
ACB,2022-04-14,33.65,34.15,33.6,33.8,4900700.0,0.08396057075974284,52.18881423054687,147.19138177420996,5.0196410849812265
ACB,2022-04-15,33.8,34.0,33.45,33.55,5388100.0,0.0898833590428012,50.7556228372054,103.57518401682375,3.245385595767854
ACB,2022-04-18,33.5,33.6,32.8,32.8,5946400.0,0.03367034862053231,46.769641047271,-5.380036630035627,4.023314182527592
ACB,2022-04-19,32.6,32.8,31.6,31.65,5244400.0,-0.10249278317559174,41.5889367969647,-200.77972709551807,15.398425900011564
ACB,2022-04-20,31.7,32.2,31.65,31.9,4490500.0,-0.18806227067207004,43.00864525487506,-198.95603292511444,15.398425900011576
ACB,2022-04-21,32.0,32.5,31.5,31.5,5899800.0,-0.28486956405893693,41.345332983133595,-194.92319220681904,11.851768021704189
ACB,2022-04-22,31.7,32.6,31.7,32.3,5188800.0,-0.2936516934755815,45.69087623866218,-121.64563710680538,10.678800844737394
ACB,2022-04-25,32.3,32.45,30.5,30.5,8242600.0,-0.44077556474478286,38.97063635171657,-248.6244301210494,20.967348248948213
ACB,2022-04-26,30.5,31.25,30.0,30.9,6106000.0,-0.5191116397877522,40.96664979866892,-257.8840970350401,24.705646452459813
ACB,2022-04-27,30.7,31.2,30.3,30.9,2831800.0,-0.5745702553936383,40.96664979866891,-205.9130434782613,24.70564645245981
ACB,2022-04-28,30.6,31.2,30.6,31.0,1503700.0,-0.6034957205504803,41.47871468899437,-165.63082660037284,24.705646452459813
ACB,2022-04-29,31.0,32.7,30.75,32.7,4640900.0,-0.4836681423056284,49.2243220479104,-57.150050352466984,7.774902158690809
ACB,2022-05-04,32.25,32.5,31.75,31.75,2060200.0,-0.460057724679924,45.725678323797375,-57.449835647353204,7.774902158690811
ACB,2022-05-05,32.3,32.3,31.3,31.7,3209000.0,-0.44030531514775006,45.54941076287872,-72.44723331431811,11.626829930149043
ACB,2022-05-06,31.2,31.8,30.85,31.0,1920300.0,-0.47565251206517445,43.14087825204709,-109.60974716013166,15.28700859388631
ACB,2022-05-09,31.0,31.0,29.7,30.6,5176200.0,-0.529834475324467,41.83327257295218,-156.93556745551933,23.647185804151437
ACB,2022-05-10,30.3,31.0,29.9,30.8,3850100.0,-0.5502923157661037,42.73111435052508,-132.68806665033077,23.647185804151423
ACB,2022-05-11,30.8,31.6,30.6,31.6,2319300.0,-0.4962317370151794,46.16936795317149,-75.60878243512933,17.18982159679464
ACB,2022-05-12,30.7,31.25,29.5,29.5,3128000.0,-0.6157428877141555,39.697432751727355,-144.93836384011956,24.65265413096883
ACB,2022-05-13,29.9,30.3,27.5,27.5,6142600.0,-0.861904126720642,34.88024361374421,-222.4840121171323,35.57325927606269
ACB,2022-05-16,27.65,28.7,27.5,27.6,5137600.0,-1.0369660190850425,35.28642491898168,-220.0913242009132,35.57325927606268
ACB,2022-05-17,27.6,29.35,27.5,29.25,2617900.0,-1.0306815641674518,41.51331722414184,-159.33361811191799,29.067107393791353
ACB,2022-05-18,29.7,29.75,28.8,28.95,3521100.0,-1.0379438110078603,40.77535475184601,-123.20682023116665,25.240919446728245
ACB,2022-05-19,28.4,29.0,28.1,28.6,1856400.0,-1.0597254139624717,39.91891732231384,-139.18556321355288,29.048703940394816
ACB,2022-05-20,28.6,29.3,28.6,29.05,1936000.0,-1.0288166936111338,41.55173334583838,-110.54461181923514,26.198929082596596
ACB,2022-05-23,29.1,29.3,28.3,28.45,1187500.0,-1.0407393008160355,40.05042924145226,-115.59772296015203,27.847217638214
ACB,2022-05-24,28.8,28.8,28.15,28.8,1574100.0,-1.0102998699843866,41.329629124390664,-111.4734360106356,28.671220337647735
ACB,2022-05-25,28.8,30.0,28.8,30.0,3815600.0,-0.8792114285068564,45.45747992737944,-60.96615861534496,17.560312925026885
ACB,2022-05-26,30.4,30.5,30.0,30.35,2690700.0,-0.7385670777366542,46.591256743638326,-25.311653116531126,13.34169843400614
ACB,2022-05-27,30.8,31.8,30.6,31.8,4910800.0,-0.5042894003214826,50.960087984250706,34.467016662862434,3.3651597331329093
ACB,2022-05-30,32.0,32.0,31.5,31.95,2244200.0,-0.3030258137389872,51.385651019885145,62.200956937798985,1.9371454758382918
ACB,2022-05-31,31.7,31.8,31.5,31.55,2348500.0,-0.17379621383827626,50.18428877711408,57.88134794761461,1.9371454758382995
ACB,2022-06-01,31.8,31.8,31.1,31.1,3523400.0,-0.10646480407174153,48.855007228218895,47.04380278923564,4.7534784288840255
ACB,2022-06-02,25.6,25.95,25.35,25.35,3745600.0,-0.5111884596211311,36.18544284830825,-247.54901960784306,33.257817711309904
ACB,2022-06-03,25.5,25.6,24.9,25.3,1409500.0,-0.826442737221118,36.10122580971333,-223.42120137711296,34.83664000469028
ACB,2022-06-06,25.3,25.55,25.2,25.3,1698800.0,-1.0640186785063364,36.10122580971332,-190.6999579183618,34.83664000469028
ACB,2022-06-07,25.3,25.3,24.3,24.95,2255000.0,-1.2659483341741549,35.48260276139203,-186.90615644930372,37.976880860983485
ACB,2022-06-08,24.9,25.7,24.65,25.7,4494800.0,-1.3498995078834461,37.843657600844196,-149.68308142369588,34.9860684290939
ACB,2022-06-09,25.8,25.9,25.05,25.75,3388400.0,-1.3963011453151282,38.000135128761556,-128.55655794587094,33.48940920585955
ACB,2022-06-10,25.2,25.8,25.15,25.2,2278300.0,-1.4606180846668373,36.94185375445789,-123.28210432983589,33.48940920585955
ACB,2022-06-13,25.0,25.0,23.8,23.9,3830300.0,-1.5980673324817616,34.586650277225004,-146.2021101335484,38.42131397459394
ACB,2022-06-14,23.9,24.45,23.5,24.1,2049600.0,-1.6715894801147577,35.243705151148234,-140.09169638308722,39.45341982007178
ACB,2022-06-15,24.45,24.5,23.1,23.6,3633100.0,-1.7500288894555247,34.351340803950805,-133.7130282829591,40.821525294760605
ACB,2022-06-16,23.6,24.1,23.6,24.1,1925600.0,-1.7516548780905445,36.026980941731125,-116.03296497471442,40.82152529476059
ACB,2022-06-17,23.5,23.85,22.85,23.1,3160900.0,-1.8127390016297547,34.21986333402397,-122.21323265012589,43.38827848210162
ACB,2022-06-20,23.1,23.5,22.8,22.9,3956000.0,-1.855893354811407,33.86837880909923,-116.16197942890021,43.55711312319817
ACB,2022-06-21,22.5,23.2,22.5,23.0,2676500.0,-1.8605767556823736,34.21786431442003,-110.776766969909,44.58293794253661
ACB,2022-06-22,23.2,23.9,23.2,23.75,2532000.0,-1.7832138731091263,36.808825727143095,-86.61328838319997,38.5066995193053
ACB,2022-06-23,23.4,23.85,23.05,23.75,2140900.0,-1.7022804024536313,36.808825727143095,-82.77624852536377,39.07428965418836
ACB,2022-06-24,23.7,24.0,23.5,23.8,1588100.0,-1.6154831772682243,36.98589613796404,-72.6079946628121,37.75891339052052
ACB,2022-06-27,23.8,24.15,23.65,23.95,2447600.0,-1.5171037765985425,37.52916075586517,-64.94956176616503,36.4241092842424
ACB,2022-06-28,23.8,24.8,23.7,24.5,2995800.0,-1.3788623227792982,39.507363751036074,-51.726788634362585,30.74514984237319
ACB,2022-06-29,24.2,24.5,24.0,24.2,1960600.0,-1.2787715846271368,38.8138390443735,-51.57531290461806,30.74514984237319
ACB,2022-06-30,24.5,24.5,23.95,24.0,2088400.0,-1.2017344355378086,38.349562970514,-51.270685579196275,30.98165756508116
ACB,2022-07-01,23.85,24.05,23.5,24.05,1851900.0,-1.1236941114873318,38.539691681004456,-56.589529473392425,33.10848346723448
ACB,2022-07-04,24.4,24.5,24.0,24.25,1823900.0,-1.0337913606046243,39.31412214727121,-43.98504152433991,28.9963418094293
ACB,2022-07-05,24.45,24.6,24.25,24.45,2991000.0,-0.9356192183392054,40.09498388242214,-36.746760166374514,28.086686069649424
ACB,2022-07-06,24.4,24.5,23.6,24.2,2017800.0,-0.8679844149308131,39.43877338752271,-45.344983428743504,31.34224729549938
ACB,2022-07-07,24.3,24.5,24.1,24.15,2496700.0,-0.8090912280446751,39.30567840681907,-37.56345177664983,31.34224729549938
ACB,2022-07-08,24.2,24.4,24.0,24.0,2016000.0,-0.7656952414182818,38.89828569831864,-38.64372974320603,31.85018958694512
ACB,2022-07-11,23.85,24.0,23.5,23.5,1634700.0,-0.762855704985423,37.55601693507231,-59.46013574802179,34.361924988693694
ACB,2022-07-12,23.6,24.0,23.5,24.0,728100.0,-0.7120514447604194,39.708254158434116,-48.67370589750194,34.36192498869367
ACB,2022-07-13,24.0,24.4,23.8,24.0,2126200.0,-0.6641329907976861,39.708254158434116,-18.89100298994285,30.252034489756603
ACB,2022-07-14,23.8,24.15,23.8,24.05,1429400.0,-0.6150329714160883,39.929821108729044,-22.69345238095238,30.252034489756603
ACB,2022-07-15,24.25,24.45,24.0,24.0,2642300.0,-0.5735439764998347,39.77859741456183,2.6084121291168105,27.13089684768625
ACB,2022-07-18,24.1,24.2,23.9,23.9,2425000.0,-0.5424794479870982,39.469329066246424,-14.078192252510934,27.728069708276866
ACB,2022-07-19,23.9,23.95,23.8,23.9,1507000.0,-0.5119590402009102,39.469329066246424,-29.277998862990923,28.335621399619328
ACB,2022-07-20,24.1,24.35,23.9,24.3,3039300.0,-0.45030391683338067,41.41894776812602,31.902490726020662,24.021486121444145
ACB,2022-07-21,24.3,24.9,24.2,24.65,4313000.0,-0.3689467242595761,43.078466266595555,125.43554006968597,18.361903091346115
ACB,2022-07-22,24.65,24.8,24.35,24.35,2039400.0,-0.32493243692386997,42.02289546240087,124.100492362075,18.361903091346125
ACB,2022-07-25,24.2,24.4,23.9,24.05,1850700.0,-0.3106769988469047,40.98401659374968,38.314176245210135,21.498521443750793
ACB,2022-07-26,24.0,24.25,24.0,24.05,1484900.0,-0.2959677297114247,40.98401659374968,33.565547815071994,21.498521443750807
ACB,2022-07-27,24.0,24.2,23.95,24.2,890000.0,-0.2691047099646937,41.75449044972602,34.97942386831166,21.855523810768627
ACB,2022-07-28,24.7,24.7,24.4,24.45,3347500.0,-0.22504844423760417,43.036689600655464,118.10440577563838,16.380370899990147
ACB,2022-07-29,24.55,24.7,24.45,24.6,3817300.0,-0.17600096032905554,43.80452632430731,129.54309449636526,16.38037089999015
ACB,2022-08-01,24.65,25.0,24.5,25.0,4455500.0,-0.10365890358783858,45.81922840042319,187.01226309921915,13.116925226833276
ACB,2022-08-02,25.0,25.05,24.7,24.9,3391300.0,-0.053776563934878396,45.398296039011115,195.21260779066333,12.572671228300436
ACB,2022-08-03,25.0,25.05,24.7,24.95,6081900.0,-0.010093516469634523,45.65652515604771,178.51099830795278,12.57267122830044
ACB,2022-08-04,25.0,25.25,24.9,25.0,4390100.0,0.028234723185125432,45.92110095278884,193.2638331996791,10.300925611464182
ACB,2022-08-05,25.0,25.0,24.5,24.85,3272800.0,0.04597639558489064,45.23758813740031,116.54861558274328,13.895963653060031
ACB,2022-08-08,24.8,25.0,24.65,24.75,3202100.0,0.05137541076322805,44.77793478984873,109.37500000000004,13.89596365306003
ACB,2022-08-09,24.9,25.0,24.7,24.95,3553300.0,0.07097434959795734,45.914937688705066,115.38461538461657,13.895963653060031
ACB,2022-08-10,24.95,25.05,24.75,24.85,1987700.0,0.07754361108273855,45.43110468925393,104.9180327868856,13.267758321787108
ACB,2022-08-11,25.0,25.1,24.7,24.75,3442200.0,0.07382957251859423,44.9412024421759,90.67850348763405,13.267758321787104
ACB,2022-08-12,24.7,24.85,24.6,24.8,1460000.0,0.07406695458351464,45.246596453342136,66.88068485821277,14.279695377168085
ACB,2022-08-15,24.9,25.15,24.8,24.95,3154600.0,0.08537468179011753,46.17316415245806,100.49627791563263,10.28632932335303
ACB,2022-08-16,24.9,24.95,24.65,24.85,3234500.0,0.0852838733988186,45.64050611443526,67.94076445867405,11.879060307226776
ACB,2022-08-17,24.95,25.0,24.85,24.95,3350600.0,0.09221803920736349,46.28157598766313,83.62404066580368,11.198316005629136
ACB,2022-08-18,24.95,25.25,24.8,25.15,5981500.0,0.11255428832565428,47.56106648964921,100.68426197458452,7.8054312610015355
ACB,2022-08-19,25.15,25.15,24.8,24.85,1909000.0,0.1032729531525085,45.86587786442161,73.07465038408519,7.805431261001558
ACB,2022-08-22,24.8,24.8,24.6,24.65,2239300.0,0.07886993610059179,44.76549990827659,24.711168164314017,10.152434618016635
ACB,2022-08-23,24.35,24.8,24.2,24.8,2385000.0,0.07081777247186949,45.7748400219438,4.0911747516060375,14.647911597481395
ACB,2022-08-24,24.7,24.9,24.65,24.85,2704900.0,0.06769066111064959,46.11438860517846,43.03052592865021,13.183324591630816
ACB,2022-08-25,24.85,25.0,24.75,25.0,3631800.0,0.07643505350729995,47.14159948264609,65.47619047619126,11.70709789661276
ACB,2022-08-26,25.1,25.3,24.75,24.8,3878700.0,0.06646060249605057,45.933837058429305,70.17068545109656,7.3613638994297235
ACB,2022-08-29,24.45,24.7,24.3,24.55,3218300.0,0.03794545594881882,44.46088512707605,-43.13263653761246,12.635277240640539
ACB,2022-08-30,24.6,24.85,24.55,24.55,2016400.0,0.015172102318381064,44.46088512707605,-16.616314199394555,10.466703310676824
ACB,2022-08-31,24.55,24.75,24.55,24.65,1967000.0,0.00513403776669108,45.212924318513785,-23.285661899522708,10.466703310676813
ACB,2022-09-05,24.55,24.75,24.45,24.5,2307700.0,-0.014754862241236566,44.282485072948454,-50.438596491228964,11.67985423065447
ACB,2022-09-06,24.5,24.7,24.45,24.65,2405200.0,-0.01820337521335702,45.44391202682257,-41.387024608502834,11.679854230654474
ACB,2022-09-07,24.5,24.6,24.3,24.3,3214400.0,-0.0486179836648688,43.266923116966474,-118.42625543693018,13.559962990422234
ACB,2022-09-08,24.4,24.45,24.0,24.0,2080700.0,-0.09582466568625492,41.503947217063235,-210.23181454835893,17.20643618360663
ACB,2022-09-09,24.2,24.2,23.75,24.0,2227900.0,-0.13171793888607297,41.503947217063235,-261.0722610722619,20.111685129443057
ACB,2022-09-12,24.0,24.2,23.75,23.75,1390800.0,-0.17828141003822395,40.048676470820766,-250.6019951840382,20.11168512944305
ACB,2022-09-13,23.9,24.0,23.6,23.8,1469500.0,-0.20874246111140948,40.48046112923823,-238.73873873873856,21.87200352176458
ACB,2022-09-14,23.5,23.6,23.35,23.5,2102100.0,-0.2541607494324367,38.74827211339387,-263.498098859315,24.731523266153353
ACB,2022-09-15,23.6,23.6,23.45,23.55,1585600.0,-0.2828598556733297,39.19686030905514,-211.7177097203725,24.73152326615334
ACB,2022-09-16,23.5,23.6,23.1,23.15,2120100.0,-0.33403026819057047,36.95690995737461,-216.38434299932933,28.64433899114539
ACB,2022-09-19,23.15,23.2,22.7,22.85,2558900.0,-0.39424605841701066,35.38789749890361,-229.36683912293583,32.775920599460626
ACB,2022-09-20,22.9,22.95,22.6,22.9,1908000.0,-0.43294223527912123,35.857412230986995,-204.36649964209042,33.76771332088093
ACB,2022-09-21,22.85,22.85,22.6,22.6,1292200.0,-0.4822575620482574,34.30991629845991,-187.96706776440791,33.76771332088092
ACB,2022-09-22,22.5,22.8,22.5,22.8,1826800.0,-0.4994446976987348,36.20856638010386,-162.3763521721525,34.79717218674959
ACB,2022-09-23,22.65,22.95,22.6,22.6,1465600.0,-0.523173140755965,35.15736789245251,-143.05015131863368,31.622606972934175
ACB,2022-09-26,22.4,22.5,21.8,22.2,4546500.0,-0.5677105461055767,33.165272115196714,-172.57471949160947,39.4855406716445
ACB,2022-09-27,22.2,22.45,22.1,22.4,1468900.0,-0.5801804728483653,35.068294652876546,-142.65734265734287,39.48554067164451
ACB,2022-09-28,22.05,22.25,21.95,22.0,2513100.0,-0.6152474471015736,33.11732611978012,-147.3628412403926,40.850350176824875
ACB,2022-09-29,22.15,22.15,21.9,22.0,3855500.0,-0.6357102053101933,33.11732611978012,-136.63814796175126,41.30681004143544
ACB,2022-09-30,22.0,22.45,21.85,22.2,4219300.0,-0.6285433041310782,35.050746532202126,-114.59433119467221,34.84775980362888
ACB,2022-10-03,22.05,22.3,21.3,21.6,3657900.0,-0.6636285718211603,32.16510635916977,-133.78952336007552,40.04525197326328
ACB,2022-10-04,21.7,21.95,21.0,21.0,3472500.0,-0.7314175585091576,29.640714192985286,-149.16603487490534,42.6277966407968
ACB,2022-10-05,21.1,21.45,20.8,20.8,3255800.0,-0.7921477610879677,28.85968823316142,-153.38860850757013,44.282972695182835
ACB,2022-10-06,20.85,21.2,20.0,20.0,2848400.0,-0.8945187430390256,26.022376760855977,-173.89973471192397,50.22503103755487
ACB,2022-10-07,19.55,19.9,18.6,18.65,8485400.0,-1.0722222902310037,22.21048575606602,-226.56594271325145,58.27985555418758
ACB,2022-10-10,18.2,19.1,18.2,18.7,6473000.0,-1.1952410546665284,22.64463937103308,-222.31099275040688,60.184242854389524
ACB,2022-10-11,18.7,18.7,17.45,17.5,6434000.0,-1.3737287925614154,19.888735679516486,-230.775496904529,63.422751323047336
ACB,2022-10-12,17.9,18.7,17.8,18.7,3365500.0,-1.4021880881478772,28.84683929323002,-181.7493564831171,63.422751323047336
ACB,2022-10-13,18.7,19.95,18.5,19.95,3901800.0,-1.308790805907659,36.49854401630838,-122.09859258713446,42.71824756331083
ACB,2022-10-14,20.5,20.9,20.2,20.85,3138200.0,-1.1489064302960088,41.207671221413776,-64.29842776624112,29.79025095952506
ACB,2022-10-17,20.3,21.0,20.25,20.95,3756600.0,-1.002570735098324,41.70457461414355,-55.27488116273859,28.522509847128006
ACB,2022-10-18,21.3,21.5,21.1,21.4,2767600.0,-0.8405975182329151,43.91136919115502,-24.24942263279457,22.34155244273069
ACB,2022-10-19,21.6,21.6,21.0,21.1,1445700.0,-0.7280475902815802,42.7941363428944,-24.8504983388705,22.341552442730688
ACB,2022-10-20,21.1,21.5,20.7,21.35,4023500.0,-0.6116275887210634,44.021933494951455,-23.33269055948876,24.66779499788077
ACB,2022-10-21,21.35,21.35,20.25,20.4,3385500.0,-0.5892286975984717,40.59674743217184,-44.71268276096578,28.013825550388518
ACB,2022-10-24,20.45,20.5,19.2,19.5,2797800.0,-0.636759723669396,37.720448231321505,-86.4367816091955,34.984374913792486
ACB,2022-10-25,19.7,20.85,19.15,20.4,4926800.0,-0.5949477386973889,41.97342504063197,-61.324951070517876,30.622843077876773
ACB,2022-10-26,20.6,20.9,20.2,20.65,2169100.0,-0.5354660098595261,43.09017398414341,-33.39906334730088,30.002072620978478
ACB,2022-10-27,20.7,22.05,20.5,22.05,4846000.0,-0.37108042732434043,48.798663344566634,24.14864689887334,16.79552766791912
ACB,2022-10-28,22.4,22.55,22.05,22.3,3551700.0,-0.21811644753381998,49.730150252020366,72.5311203319502,11.692157860367407
ACB,2022-10-31,22.35,22.5,21.65,22.4,3747300.0,-0.08781000812490447,50.10575335718909,68.31793726525244,14.774039633985586
ACB,2022-11-01,22.5,23.0,22.35,22.45,3355400.0,0.019271219424819463,50.29783689156839,94.67737544241791,9.818123045251108
ACB,2022-11-02,22.4,22.45,21.8,21.8,3538200.0,0.05109530118684802,47.82193504881691,61.39135254988921,14.041734011175475
ACB,2022-11-03,21.5,22.0,21.35,21.35,3279300.0,0.039548980046706816,46.19343858215477,36.75945753033529,17.31923046116746
ACB,2022-11-04,21.35,21.4,19.95,20.15,12616400.0,-0.06567447930863324,42.22665635811654,-27.85033663220633,26.356324812027097
ACB,2022-11-07,20.9,21.0,20.2,20.65,4908600.0,-0.1074800445664188,44.28877106855741,-17.180049950806296,26.356324812027104
ACB,2022-11-08,20.6,21.75,20.15,21.3,4065900.0,-0.087156996895839,46.84049033536706,16.984552332913005,18.90547353765209
ACB,2022-11-09,21.4,21.7,20.7,20.75,3278700.0,-0.11411578294428892,45.03492907956368,18.84022510398808,18.90547353765209
ACB,2022-11-10,20.65,20.9,19.5,20.0,5464700.0,-0.19376593403131537,42.71237240978008,-44.75437135720255,26.34239194669928
ACB,2022-11-11,20.7,21.2,20.45,20.8,4325500.0,-0.19014407594815097,45.796928782060505,10.31198112383138,23.41531725868186
ACB,2022-11-14,20.5,20.7,19.95,20.3,5257100.0,-0.22502559367845976,44.256258027218195,-25.909518056114823,26.356950208365358
ACB,2022-11-15,20.25,20.45,19.1,19.1,6563300.0,-0.3455165196075711,40.84476574946599,-80.9311670160727,31.01670111228792
ACB,2022-11-16,18.9,20.4,17.9,20.4,7397800.0,-0.3322770283029435,45.548720689490445,-73.59674410717328,36.85215998659922
ACB,2022-11-17,20.8,21.35,20.8,21.05,4304700.0,-0.2662657228272032,47.69984834531011,38.77139979859007,27.985549942312453
ACB,2022-11-18,20.8,21.45,20.6,21.15,3536700.0,-0.20353588836242764,48.02662342474688,35.639785184856486,28.987555344740954
ACB,2022-11-21,21.2,21.2,20.6,20.6,2279000.0,-0.19594372872920474,46.37791760228135,9.433962264151027,28.98755534474095
ACB,2022-11-22,20.4,21.35,20.35,20.35,4427400.0,-0.20770549848973374,45.641170448432554,-10.124481327801174,30.285130026202733
ACB,2022-11-23,20.4,20.95,20.35,20.65,2552100.0,-0.19062192210849815,46.69240781974222,-23.281596452328255,30.28513002620274
ACB,2022-11-24,20.6,21.2,20.4,21.0,2306700.0,-0.14714479620173293,47.90822943495554,-4.754358161648494,27.78634518974974
ACB,2022-11-25,21.5,21.5,21.05,21.5,2830000.0,-0.07151861725823494,49.60677863712422,49.237983587338185,24.81465123036018
ACB,2022-11-28,21.6,22.25,21.55,22.25,5240700.0,0.04837674934715963,52.03372150670306,116.31073970906817,17.73382169087852
ACB,2022-11-29,22.25,22.25,21.7,22.15,3942700.0,0.13378335566937238,51.69035420677149,111.23026511766426,17.73382169087851
ACB,2022-11-30,22.25,22.45,21.8,22.1,4118400.0,0.1951841628372648,51.514522583435685,111.71786120591545,15.85813476909703
ACB,2022-12-01,22.3,22.85,22.0,22.5,6812100.0,0.272974719303992,52.84208609306224,132.63674165689267,12.16109104923592
ACB,2022-12-02,22.5,23.5,22.15,23.5,4791400.0,0.41058299323884384,55.960604050954906,166.18146530810296,6.450857886494036
ACB,2022-12-05,23.55,24.0,23.2,23.6,4715700.0,0.521693942979951,56.259828723330436,190.05861238584214,2.306156097091138
ACB,2022-12-06,23.6,23.75,22.3,22.3,5158400.0,0.49909774755797187,51.54954078103904,113.40023088535673,8.91019548474296
ACB,2022-12-07,22.5,22.5,21.75,22.3,3295000.0,0.4757064520272678,51.54954078103904,60.83348048737441,12.643398630933952
ACB,2022-12-08,22.45,23.8,22.1,22.65,4795900.0,0.4798790102066057,52.690752690119055,104.49071751129023,2.383442566450382
ACB,2022-12-09,22.75,23.2,22.45,23.05,3319800.0,0.509588233735073,53.972495903218224,104.23811856932872,2.3834425664503787
ACB,2022-12-12,23.05,23.3,22.5,22.5,3181800.0,0.48318277372193563,51.96972460690272,90.93086380328883,1.6214890611041723
ACB,2022-12-13,22.4,23.05,22.25,23.05,2693700.0,0.5008630227290567,53.745295527632834,91.049627398129,3.4792200732839618
ACB,2022-12-14,23.1,23.45,22.75,23.15,3293000.0,0.5169844369343011,54.064692023265266,107.70811139856919,0.34295534587400034
ACB,2022-12-15,23.0,23.5,23.0,23.2,4113600.0,0.5277122180132352,54.228172445416,105.47267250035873,0.0487693773665134
ACB,2022-12-16,23.0,23.4,22.85,23.0,2220500.0,0.5141489442942984,53.44116599607696,89.1250442791358,1.148854135673421
ACB,2022-12-19,22.9,23.25,22.75,22.75,3382600.0,0.47772018061941424,52.45672928404609,73.58878107514694,1.9582326881218266
ACB,2022-12-20,22.75,22.9,22.2,22.55,2566900.0,0.4277806058813205,51.669038972458736,47.22311054258606,6.322306807445349
ACB,2022-12-21,22.6,23.0,22.3,22.8,1887300.0,0.4037221857203548,52.58961788150526,53.64806866952783,5.439541891685914
ACB,2022-12-22,23.0,23.0,22.75,22.9,1958400.0,0.3882493814834689,52.96036923243455,62.46482836240883,5.439541891685913
ACB,2022-12-23,22.9,22.9,22.3,22.9,1735100.0,0.3717023196855216,52.96036923243455,47.47843655295669,9.07503112055045
ACB,2022-12-26,22.9,22.9,22.1,22.1,1778000.0,0.2906845097904309,49.63719566745685,20.79080038331727,10.654341492354858
ACB,2022-12-27,22.1,22.6,22.0,22.1,2040100.0,0.2238963737211641,49.63719566745685,4.633131618759573,11.449890049433762
ACB,2022-12-28,22.1,22.45,21.95,22.0,1826400.0,0.16104075288374986,49.22401916215312,-12.806598654221425,11.855847024918823
ACB,2022-12-29,22.0,22.4,21.8,22.0,1809100.0,0.10995967384721439,49.22401916215312,-23.897058823529473,13.092345104266586
ACB,2022-12-30,22.0,22.2,21.8,21.9,1339500.0,0.06070857575480204,48.789408429833635,-39.417828987265004,13.092345104266595
ACB,2023-01-03,22.0,22.7,21.95,22.7,1547700.0,0.08524736128633492,52.27654156036169,8.089857591762827,7.702799060900984
ACB,2023-01-04,22.85,22.85,22.55,22.65,1641400.0,0.09951282161689434,52.0473962268114,31.56395261658413,6.133107339340877
ACB,2023-01-05,22.75,23.0,22.65,22.85,2104500.0,0.1255098310312448,52.90166198626899,47.45762711864391,4.556721262323082
ACB,2023-01-06,22.8,23.35,22.6,23.15,3403100.0,0.1683791708170581,54.1686087378721,75.52581261950303,0.9379089719909435
ACB,2023-01-09,23.35,23.35,22.95,23.1,1746700.0,0.19605880545475074,53.91853798921301,90.80387205387244,0.9379089719909494
ACB,2023-01-10,23.25,23.45,22.95,23.45,3061100.0,0.24343106842782092,55.40920860278233,114.6918402777773,0.11909119330715473
ACB,2023-01-11,23.6,24.45,23.45,24.2,5336500.0,0.33760100587477737,58.39280680003038,239.00094053715043,9.881519728784378
ACB,2023-01-12,24.2,24.65,24.2,24.5,2879600.0,0.4314651904172706,59.51375590142638,277.543590726192,11.667792260887568
ACB,2023-01-13,24.6,24.8,24.15,24.15,2154400.0,0.472168295794809,57.63958844939957,226.8183385039641,13.005648462454394
ACB,2023-01-16,24.15,25.0,24.15,25.0,3538100.0,0.5664836256969252,60.74527160786777,234.53493546951606,14.785829478265992
ACB,2023-01-17,25.05,25.45,24.95,25.3,3983900.0,0.6578533727632916,61.768663661772685,260.2971845672577,18.66003679231236
ACB,2023-01-18,25.3,25.7,25.1,25.5,5435900.0,0.737896868353598,62.443910297787724,233.70473537604454,20.731245307909518
ACB,2023-01-19,25.5,26.0,25.45,26.0,5521600.0,0.832085967538557,64.08445719802498,224.45053623815642,23.160152107838098
ACB,2023-01-27,26.35,26.5,25.9,26.35,3756000.0,0.9243186125690599,65.1857102358135,214.1398464303216,27.015903783965577
ACB,2023-01-30,26.3,26.35,25.4,25.4,5399000.0,0.9102636351705335,60.018362974460786,150.99464141525306,20.74795278463027
ACB,2023-01-31,25.4,26.05,25.0,26.05,3480500.0,0.9407303778335603,62.14248914791185,132.16097396009425,16.01015269218515
ACB,2023-02-01,26.1,26.25,25.1,25.2,3482800.0,0.8860734909987897,57.97576229211627,108.92036753445623,17.68082481989801
ACB,2023-02-02,25.15,25.6,24.8,25.0,2884400.0,0.8171990242080298,57.04474793372805,79.80745646308577,14.157258249325844
ACB,2023-02-03,25.0,25.25,24.4,24.5,9532100.0,0.714038698098939,54.770087308683316,52.95389048991355,9.629670465698476
ACB,2023-02-06,24.4,25.15,24.15,24.9,2395700.0,0.656986719545106,56.214993354522086,50.26690391459052,6.888736532607384
ACB,2023-02-07,25.0,25.1,24.4,24.6,2469300.0,0.5808692238742061,54.855373324211456,45.27407407407414,6.888736532607374
ACB,2023-02-08,24.8,25.05,24.55,24.65,1922400.0,0.5186020210109845,55.04284523882786,44.68366610536452,6.8887365326073855
ACB,2023-02-09,24.65,25.1,24.5,24.5,3226100.0,0.451941368955616,54.342496666364084,39.126701827548004,6.888736532607366
ACB,2023-02-10,24.6,24.75,24.2,24.2,2007500.0,0.3706324094369613,52.94862962322429,19.424823410696483,3.3381080053235443
ACB,2023-02-13,24.15,24.15,23.8,23.9,2591600.0,0.27877345358119143,51.579998707360524,-7.852285047803733,1.1891966273173893
ACB,2023-02-14,24.1,24.1,23.8,23.85,1438600.0,0.19963867673030222,51.35114719950827,-13.584696423620876,1.1891966273173813
ACB,2023-02-15,23.9,24.65,23.75,24.55,3330400.0,0.19120386664222266,54.28845617829415,7.536942154897034,4.938974962449764
ACB,2023-02-16,24.8,24.8,24.4,24.8,1623500.0,0.20235945569979563,55.28589618967121,27.37248281683353,6.535932154094305
ACB,2023-02-17,24.85,24.95,24.55,24.8,1716200.0,0.2087934989135647,55.28589618967121,30.885471898197103,8.132458655104239
ACB,2023-02-20,24.7,25.8,24.65,25.8,4901500.0,0.2912270826404395,59.10561250202496,79.73517559009768,16.494240044119675
ACB,2023-02-21,25.8,26.0,25.5,25.5,1717400.0,0.3285613481513465,57.579115076654126,98.50118057694277,18.304207362878554
ACB,2023-02-22,25.2,25.55,24.85,24.85,2652600.0,0.30221570035332235,54.4284058335927,41.09977324263041,10.268702251643083
ACB,2023-02-23,24.75,25.5,24.25,25.4,3860600.0,0.3220051136129598,56.51141512239418,32.92894280762565,3.552340766050906
ACB,2023-02-24,25.0,25.3,24.55,24.6,2227600.0,0.2700224019090989,52.87480832774555,0.3365870077413382,3.5523407660508997
ACB,2023-02-27,24.5,24.6,24.1,24.25,3107700.0,0.19829779984016227,51.37842699755664,-69.0098585512213,1.274033219571553
ACB,2023-02-28,24.5,24.75,24.25,24.4,6149000.0,0.15180931901874928,51.980922431094406,-58.34474364825745,0.32787188094202857
ACB,2023-03-01,24.4,25.2,24.2,25.15,2535900.0,0.1734857591840928,54.873278762793184,-10.033444816054029,4.991722524472018
ACB,2023-03-02,25.0,25.45,25.0,25.05,3337600.0,0.1805144714596878,54.42114426452961,32.22695491441028,7.479768300245633
ACB,2023-03-03,25.05,25.3,24.5,24.5,2396000.0,0.14008950846808688,51.9841011099007,-28.274668205423986,1.9556680773650106
ACB,2023-03-06,24.85,25.1,24.3,24.3,5224700.0,0.09086665132688765,51.12290582236801,-56.662312214239385,0.16752703205239775
ACB,2023-03-07,24.75,25.0,24.3,24.5,4641800.0,0.06722063332364314,51.94643683565174,-48.860468929333365,0.16752703205240022
ACB,2023-03-08,24.25,25.0,24.25,25.0,2784900.0,0.08781454362510388,53.95293957323217,-24.265644955300335,0.7206528944356304
ACB,2023-03-09,25.0,25.45,24.9,25.35,3737400.0,0.13086886601371006,55.30439062363073,55.95667870035988,4.220090779681537
ACB,2023-03-10,25.05,25.2,24.75,24.9,2422000.0,0.1272120659932412,53.22663186859024,19.571101394961158,2.486516225492444
ACB,2023-03-13,24.75,24.95,24.35,24.5,4017400.0,0.09098850966958594,51.44923201371959,-42.66211604095458,2.009887727212858
ACB,2023-03-14,24.55,24.7,23.95,24.05,6765600.0,0.025673888508094933,49.52457779430989,-115.78432571218923,6.2641810040214425
ACB,2023-03-15,24.6,24.8,24.45,24.8,1959500.0,0.03403794442421315,52.582883973720335,-11.623246492985672,5.08427833990713
ACB,2023-03-16,24.5,24.75,24.15,24.4,2498900.0,0.008294250974739015,50.881952736706666,-67.20977596741322,8.24603635471918
ACB,2023-03-17,24.55,24.65,24.35,24.35,1248400.0,-0.01595843478738246,50.67000607466736,-59.26610348468818,8.246036354719182
ACB,2023-03-20,24.2,24.35,24.0,24.0,2456100.0,-0.06269819218178085,49.18636504041154,-125.27853429066666,11.909669801467565
ACB,2023-03-21,24.4,24.4,23.85,24.2,1488000.0,-0.08264873495879144,50.05091603780018,-107.53568921132768,13.441960148084867
ACB,2023-03-22,24.35,24.35,24.05,24.15,1861100.0,-0.10132624015492553,49.83164622141453,-92.7487352445192,13.441960148084853
ACB,2023-03-23,24.1,24.6,23.95,24.5,7079200.0,-0.08688467026409086,51.37425014271457,-55.48216644649959,10.028359375220907
ACB,2023-03-24,24.6,24.85,24.5,24.55,1681900.0,-0.07059130729817653,51.59421185570848,-1.0141987829605386,6.706708477008055
ACB,2023-03-27,24.6,24.75,24.35,24.45,2458000.0,-0.06499860061778406,51.115813900897656,-30.1262205286971,8.422686632393225
ACB,2023-03-28,24.65,24.8,24.45,24.45,8286100.0,-0.059876125576248995,51.115813900897656,-25.65405130810177,7.739345326350816
ACB,2023-03-29,24.5,24.6,24.35,24.4,15179800.0,-0.05916904540893242,50.86345957961527,-54.054054054054305,8.926919617561598
ACB,2023-03-30,24.6,24.7,24.55,24.6,2120900.0,-0.0419863581506803,51.847155034953424,-14.982712255091384,7.495529822080559
ACB,2023-03-31,24.7,25.25,24.65,25.0,5882100.0,0.0038631701359967963,53.76231656336526,62.453253552730466,0.017540966293949956
ACB,2023-04-03,25.25,25.4,25.0,25.25,9966000.0,0.059684160444522405,54.92151046466212,123.31924702266605,1.9076828650766795
ACB,2023-04-04,25.25,25.35,25.05,25.15,7188400.0,0.09476118521109811,54.35760849724061,127.39201749589891,1.9076828650766808
ACB,2023-04-05,25.1,25.3,25.05,25.3,3318800.0,0.1331290970913308,55.0733881039817,132.04508856682733,1.9076828650766893
ACB,2023-04-06,25.4,25.45,24.9,24.9,4331100.0,0.12976345429560254,52.789622769015885,99.11835426128789,0.21861620476215415
ACB,2023-04-07,24.95,25.1,24.9,25.05,3143400.0,0.1376135808311929,53.53705350608229,79.3237971391415,0.2186162047621531
ACB,2023-04-10,25.1,25.15,24.85,25.0,3637100.0,0.13820711494504678,53.24636660431204,69.75540313187408,0.21861620476214824
ACB,2023-04-11,24.9,25.05,24.7,24.95,1597500.0,0.13310852070438983,52.94895926428049,43.12354312354364,2.47139832350956
ACB,2023-04-12,25.0,25.05,24.8,24.85,3220200.0,0.11961978139099827,52.34406095550545,42.4710424710433,2.471398323509573
ACB,2023-04-13,24.95,25.05,24.85,24.95,2518500.0,0.11566570037463109,52.90068604769733,57.259984131181334,2.471398323509573
ACB,2023-04-14,25.05,25.1,24.85,24.95,5021400.0,0.11124964601280851,52.90068604769733,58.163528501418966,1.6247217317529528
ACB,2023-04-17,24.95,25.0,24.8,25.0,1648600.0,0.11051057611664916,53.19321648782466,47.21689059500912,2.4584562296343346
ACB,2023-04-18,25.0,25.0,24.75,24.75,2103400.0,0.0887291330228841,51.53754757966747,22.4935732647821,3.3061982118008073
ACB,2023-04-19,24.8,24.8,24.4,24.4,4595400.0,0.0427325136984571,49.31452737990415,-44.27672955974885,9.03135133080884
ACB,2023-04-20,24.5,24.55,24.2,24.25,2470300.0,-0.005757515842894634,48.38915993983846,-84.38061041292536,12.107624385304964
ACB,2023-04-21,24.3,24.4,24.25,24.25,2472500.0,-0.04368266701240486,48.38915993983846,-86.34282807731425,12.107624385304955
ACB,2023-04-24,24.3,24.45,24.1,24.2,2274000.0,-0.07688690035589474,48.067412321526604,-91.68913949497431,14.430156109211506
ACB,2023-04-25,24.3,24.45,24.1,24.15,6173200.0,-0.10601401308534264,47.73904176241553,-95.36651139985342,14.430156109211511
ACB,2023-04-26,24.15,24.2,23.95,24.15,3856500.0,-0.12762626365017837,47.73904176241553,-114.55541312201366,16.783399964554917
ACB,2023-04-27,24.2,24.45,24.1,24.15,2181200.0,-0.14310450823914778,47.73904176241553,-83.66716264163894,11.496751716529074
ACB,2023-04-28,24.2,24.4,24.15,24.2,9770100.0,-0.14961191345000557,48.131314818840075,-77.46795592534286,11.496751716529086
ACB,2023-05-04,24.3,24.75,24.3,24.7,4304300.0,-0.11311928888928335,51.868652887158355,-13.71790362293375,4.4150603809002975
ACB,2023-05-05,24.5,24.75,24.5,24.65,2623900.0,-0.08722769655379636,51.4848924395794,-6.869479882236965,4.415060380900295
ACB,2023-05-08,24.65,25.0,24.6,24.95,2303900.0,-0.04201658920771223,53.6150270931123,37.09311127933465,0.41961222172959034
ACB,2023-05-09,25.0,25.05,24.8,24.9,3106400.0,-0.010104563917099796,53.21220496386093,48.53128991060036,1.3645219750667223
ACB,2023-05-10,24.9,24.95,24.8,24.9,1959800.0,0.015012886825314098,53.21220496386093,38.55878634639602,1.3645219750667186
ACB,2023-05-11,25.0,25.1,24.8,24.9,2554300.0,0.0345207141952919,53.21220496386093,46.954314720812086,4.280503007718355
ACB,2023-05-12,25.0,25.05,24.8,25.0,2346700.0,0.057388434052736415,53.977791024053865,47.92779049071989,4.28050300771836
ACB,2023-05-15,25.2,25.3,24.95,25.0,6383000.0,0.0746507395358833,53.977791024053865,74.60378817162689,9.074864340016916
ACB,2023-05-16,25.0,25.05,24.9,25.0,1462200.0,0.08732461717041673,53.97779102405387,48.83419689119066,7.956119941280747
ACB,2023-05-17,25.0,25.15,24.85,24.9,3448000.0,0.0882819330701814,53.01739664982336,44.948186528497594,9.868766656022814
ACB,2023-05-18,24.9,25.1,24.85,25.0,3351400.0,0.0960031129566552,53.866526122276184,51.58311345646521,9.868766656022819
ACB,2023-05-19,25.05,25.05,24.75,24.95,4006500.0,0.09696981385965842,53.36763240506985,38.6792452830192,7.47870674880745
ACB,2023-05-22,25.0,25.05,24.9,25.05,4584600.0,0.10459933948041922,54.244404126665984,61.72839506172828,7.478706748807455
ACB,2023-05-23,25.2,25.6,25.0,25.35,21722400.0,0.13331649671058443,56.767061863399974,135.39703903095517,17.98044413496677
ACB,2023-05-24,25.5,25.5,24.95,25.15,11048500.0,0.1383420017004795,54.687673719105725,104.11140583554383,16.734356108459778
ACB,2023-05-25,25.2,25.2,24.9,25.1,8790400.0,0.13671421214326784,54.174461467921205,71.37203166226888,15.472699198244497
ACB,2023-05-26,25.2,25.2,24.95,25.0,8560600.0,0.12590367374781053,53.142641436815204,65.44980443285516,15.472699198244506
ACB,2023-05-29,25.1,25.3,25.0,25.15,16572400.0,0.12796489097361885,54.48773446712822,85.29411764705934,17.38380304746843
ACB,2023-05-30,25.3,25.3,25.0,25.2,22595600.0,0.1321101193872991,54.9338292858196,86.03773584905696,17.383803047468437
ACB,2023-05-31,25.2,25.4,25.0,25.4,29153500.0,0.14980669299475124,56.69040197234357,104.05904059040519,19.33551694615158
ACB,2023-06-01,21.5,21.75,21.25,21.4,12761200.0,-0.15712398800220484,31.38249631045639,-488.84758364312,37.730726095114434
ACB,2023-06-02,21.5,22.1,21.45,21.8,15030000.0,-0.36389732510235717,34.411485491499604,-336.43048128342144,31.652207602004452
ACB,2023-06-05,22.0,22.15,21.65,21.75,13842800.0,-0.5257408533135646,34.21617412213958,-261.38613861386114,30.79911353272132
ACB,2023-06-06,21.8,21.85,21.7,21.8,9941200.0,-0.642561385635009,34.6001677303898,-222.17514124293749,30.79911353272133
ACB,2023-06-07,21.8,22.0,21.8,21.85,9178100.0,-0.7227762028596771,34.99271337547951,-182.02154101077016,28.133487675146075
ACB,2023-06-08,21.8,21.9,21.6,21.6,9677000.0,-0.7973288237296074,33.93903920535871,-167.93416363569568,30.098401430915512
ACB,2023-06-09,21.65,21.65,21.3,21.55,7464100.0,-0.8506412324028609,33.72891103130161,-154.69236760124593,32.943342920452814
ACB,2023-06-12,21.65,21.65,21.35,21.45,4285400.0,-0.8906935043559443,33.302319258392416,-135.39538955354578,32.94334292045281
ACB,2023-06-13,21.5,21.6,21.4,21.6,7969500.0,-0.899957324212572,34.58611118452784,-117.44553289438467,32.943342920452814
ACB,2023-06-14,21.65,21.9,21.6,21.65,8030500.0,-0.8929707748214639,35.01741459847426,-97.89473684210516,27.211650345239903
ACB,2023-06-15,21.65,21.7,21.55,21.7,5405900.0,-0.8733320734486973,35.45764596759493,-91.68849726125262,27.7487239655777
ACB,2023-06-16,21.7,22.1,21.6,21.8,14410500.0,-0.840015916265493,36.349794290145255,-77.06810134731232,20.39681388285833
ACB,2023-06-19,21.8,21.85,21.6,21.65,4658700.0,-0.8163064949252004,35.586499930036695,-76.25086826951099,20.396813882858325
ACB,2023-06-20,21.65,21.7,21.5,21.65,5637600.0,-0.7884280993460493,35.586499930036695,-73.88240475666164,21.603862613314988
ACB,2023-06-21,21.6,21.7,21.55,21.7,5482100.0,-0.7536125119339374,36.06540701238485,-67.7148160279507,21.603862613314988
ACB,2023-06-22,21.75,21.9,21.65,21.65,7973200.0,-0.7217357695234909,35.79013569380527,-60.406358103078475,17.781363103737895
ACB,2023-06-23,21.7,21.9,21.6,21.9,11433200.0,-0.6685931847913906,38.228785971896535,-54.323725055432355,18.444368841513008
ACB,2023-06-26,22.2,22.5,22.0,22.25,11784600.0,-0.591417733109072,41.4493418942727,-33.653846153846146,7.666517629760808
ACB,2023-06-27,22.55,22.55,22.2,22.2,5619900.0,-0.5282014363994598,41.13241859275165,-28.340080971659784,6.828511962564527
ACB,2023-06-28,22.2,22.4,22.1,22.3,8230200.0,-0.4646764012406557,42.0491655524598,-27.92905321009233,8.305117992826888
ACB,2023-06-29,22.3,22.4,21.9,21.9,8151200.0,-0.4415194488941232,39.5035508634264,-34.44083207781588,11.21629182296408
ACB,2023-06-30,21.9,22.05,21.8,22.05,5117900.0,-0.4063791648745365,40.89170672268375,-36.86974196826815,12.650709684647977
ACB,2023-07-03,22.05,22.1,21.95,22.05,4029900.0,-0.3742165017267247,40.89170672268376,-31.002029894814182,11.717121380336119
ACB,2023-07-04,21.95,22.05,21.9,22.0,4346600.0,-0.34874186248868,40.55971405678822,-31.167569068443903,12.467557577342701
ACB,2023-07-05,22.0,22.1,21.95,21.95,8124400.0,-0.3287974373023026,40.22189894007482,-27.17041800643078,11.487197665109894
ACB,2023-07-06,21.95,22.0,21.65,21.7,6424400.0,-0.3293675037539714,38.560697359506314,-41.547140944731495,16.030328478730343
ACB,2023-07-07,21.7,21.75,21.5,21.7,7142800.0,-0.3260606611875687,38.560697359506314,-52.923976608186564,18.201955971284782
ACB,2023-07-10,21.75,22.1,21.7,21.95,9032000.0,-0.2998110191633252,41.161273324702755,-18.1689476168005,11.256687407726403
ACB,2023-07-11,22.3,22.3,21.95,22.0,8848500.0,-0.2718398065327783,41.67207585476763,29.33025404157067,7.522060954222816
ACB,2023-07-12,22.2,22.2,21.8,21.85,5185000.0,-0.2587929612349704,40.57879085950426,42.92623941958857,9.86941055467133
ACB,2023-07-13,22.0,22.0,21.8,22.0,6741100.0,-0.233656054392128,42.148876378419075,32.63157894736746,9.869410554671338
ACB,2023-07-14,22.05,22.1,21.8,22.0,6897700.0,-0.2112991495506762,42.148876378419075,42.44694132334575,7.915172804945103
ACB,2023-07-17,22.05,22.05,21.9,22.0,6533500.0,-0.19137508849767926,42.148876378419075,45.93495934959284,7.915172804945121
ACB,2023-07-18,21.9,22.0,21.85,22.0,6780400.0,-0.1735841564647309,42.148876378419075,31.66869671132741,8.78331607241591
ACB,2023-07-19,22.0,22.15,21.95,22.0,9552300.0,-0.15766722502621633,42.14887637841907,58.78859857482159,5.69098640623088
ACB,2023-07-20,22.0,22.05,21.9,22.0,6284600.0,-0.14339991720371614,42.14887637841907,38.2293762575436,6.606452716633187
ACB,2023-07-21,22.0,22.1,21.9,22.1,6679400.0,-0.1226104319615473,43.371423892120035,53.059477963199534,5.546573056005253
ACB,2023-07-24,22.1,22.2,21.95,22.05,6759900.0,-0.10891370783208032,42.90247068250219,63.23835997220207,3.4192775747078805
ACB,2023-07-25,22.0,22.5,22.0,22.3,13703900.0,-0.07699845436503594,45.926615910726184,142.8918000970395,2.6688012190289525
ACB,2023-07-26,22.3,22.45,22.2,22.3,5967200.0,-0.05111615088669552,45.92661591072618,154.90243314863935,2.668801219028956
ACB,2023-07-27,22.3,22.35,22.05,22.15,7207700.0,-0.04222128461863406,44.416106023388714,92.38047808764905,0.4663970305183166
ACB,2023-07-28,22.2,22.4,22.05,22.2,8610200.0,-0.03078261407107874,45.03942790567733,99.70674486803507,0.5804907579937075
ACB,2023-07-31,22.5,22.95,22.45,22.95,19206000.0,0.038359166147898804,53.18566074346467,296.82055749128887,11.119542347673711
ACB,2023-08-01,23.25,23.25,22.75,22.85,13714200.0,0.08411572710410553,52.12011299357201,300.37950664136326,16.135892754324423
ACB,2023-08-02,22.8,23.15,22.8,23.1,12406100.0,0.13894932070677868,54.47872260165006,264.43719412724306,16.135892754324423
ACB,2023-08-03,23.05,23.5,23.0,23.45,17006600.0,0.2082468732934153,57.51009960763434,285.12282638697206,21.656393191334104
ACB,2023-08-04,23.6,24.4,23.25,24.4,18672300.0,0.33595011964142785,64.20347520027673,349.72617743701875,33.330581846654205
ACB,2023-08-07,23.95,24.05,23.6,23.75,28085700.0,0.3803221773825598,57.762942369035905,244.36429215509528,33.33058184665421
ACB,2023-08-08,23.8,23.9,23.3,23.4,15266300.0,0.3828322262978894,54.70607388461373,169.45557388640051,26.601037357967193
ACB,2023-08-09,23.4,23.6,23.15,23.2,15555900.0,0.3644816124703212,53.046600792673374,121.78387650085773,23.38001330357327
ACB,2023-08-10,23.25,23.35,22.9,22.9,12692000.0,0.32201909038353804,50.6619169895896,79.33265236636038,18.1952522960827
ACB,2023-08-11,22.95,23.0,22.6,22.9,9157400.0,0.2850809993994936,50.6619169895896,48.39357429718888,12.335164046541122
ACB,2023-08-14,22.9,23.05,22.8,23.05,10439500.0,0.26485792527353524,51.82082540275384,59.33145810165528,13.07819154069719
ACB,2023-08-15,23.15,23.25,22.85,22.85,6458700.0,0.2300408965392542,50.19458152138138,56.56604747162017,16.023432470131326
ACB,2023-08-16,22.85,23.05,22.8,22.9,8397000.0,0.20412965298345753,50.59555041305948,45.156310304902085,15.015545380395313
ACB,2023-08-17,22.95,23.0,22.7,22.7,10120500.0,0.16554814133166929,48.96438632795331,28.385142255005288,12.984873620161274
ACB,2023-08-18,22.7,22.7,21.9,21.9,20451400.0,0.0696162089397383,43.2011798213319,-50.169491525423794,1.4192994263276468
ACB,2023-08-21,21.85,22.2,21.85,22.0,7974800.0,0.0016397239154066767,44.05270255682681,-69.27587617618934,2.2252308683371247
ACB,2023-08-22,22.1,22.15,21.6,22.05,9067900.0,-0.0476482882707856,44.48320397727108,-78.21795565170355,6.192021138296636
ACB,2023-08-23,22.2,22.3,21.85,21.85,5544300.0,-0.10167566775260894,43.110546278010595,-70.50847457627141,3.5835986116770946
ACB,2023-08-24,21.85,22.25,21.85,22.05,5311100.0,-0.12689169819844892,44.8703910354354,-65.31531531531535,3.583598611677092
ACB,2023-08-25,22.0,22.05,21.85,21.95,5378200.0,-0.15317899614663233,44.16374528301874,-77.4580662757402,3.5835986116771057
ACB,2023-08-28,22.0,22.1,21.95,22.05,5156300.0,-0.16405161993912287,45.05882780393641,-67.62855579868697,2.653119299067662
ACB,2023-08-29,22.05,22.2,21.95,22.05,5774700.0,-0.17070052325302143,45.05882780393641,-64.43618339529073,0.7800935969891165
ACB,2023-08-30,22.05,22.5,22.05,22.45,7222100.0,-0.14205564096900503,48.58682115821794,-33.207229928541665,4.620848865376824
ACB,2023-08-31,22.45,22.6,22.45,22.6,7206600.0,-0.10602838970980599,49.83642637521606,-8.551964052761221,6.351453398765659
ACB,2023-09-05,22.7,23.05,22.65,22.75,7626800.0,-0.06462779809977803,51.06676748576016,23.41137123745784,13.645447265909727
ACB,2023-09-06,22.75,22.95,22.6,22.95,4778100.0,-0.015500522073683243,52.66799827743473,22.887323943661915,12.637062179174382
ACB,2023-09-07,23.0,23.15,22.75,22.9,9854900.0,0.01917754913848313,52.22602070823303,34.12889683588606,15.73109537455079
ACB,2023-09-08,22.9,22.95,22.7,22.75,5525800.0,0.034162618616520035,50.900400466100464,13.556618819776281,14.68070350174309
ACB,2023-09-11,22.8,22.9,22.25,22.35,10535900.0,0.013604908166357177,47.56956371464287,-31.890473848171773,5.74503515363204
ACB,2023-09-12,22.35,22.75,22.2,22.75,6681500.0,0.029252230085276665,50.89379891096625,-24.534686971235278,4.806381944872638
ACB,2023-09-13,22.75,22.8,22.45,22.55,6938800.0,0.02522375318317671,49.277757558950015,-18.392542202066494,5.672558639356757
ACB,2023-09-14,22.5,22.8,22.4,22.45,6192000.0,0.013802880930157357,48.481493972908055,-23.989898989898713,4.687152407734119
ACB,2023-09-15,22.6,22.75,22.45,22.65,5249900.0,0.02065202225978524,50.148129478780106,-12.066752246470362,4.687152407734133
ACB,2023-09-18,22.6,22.65,22.3,22.45,4363000.0,0.009828391993707442,48.52422950718094,-31.914893617021747,1.6441435907490018
ACB,2023-09-19,22.45,22.6,22.25,22.3,8079400.0,-0.01072947664203383,47.33498461120896,-40.6632451638368,0.6354418189067204
ACB,2023-09-20,22.3,22.55,22.25,22.45,5294700.0,-0.014747983674116227,48.63720518329588,-29.447181171319222,0.635441818906716
ACB,2023-09-21,22.4,22.55,22.35,22.4,5426000.0,-0.02171692241806511,48.22601220456572,-20.614871306004783,0.635441818906715
ACB,2023-09-22,22.2,22.5,22.1,22.3,9793000.0,-0.03490663884232248,47.39696198818409,-44.56824512534792,4.6047472912552445
ACB,2023-09-25,22.3,22.35,22.0,22.0,7623000.0,-0.06877428972922317,44.99635360775176,-80.83677685950452,6.616839226590187
ACB,2023-09-26,22.05,22.25,21.85,21.9,9404200.0,-0.1025022294300193,44.22397438208909,-100.38314176245251,9.576334702938965
ACB,2023-09-27,21.9,22.0,21.75,22.0,5685000.0,-0.11978192886021688,45.197124559134075,-111.32364192807871,11.510409623529528
ACB,2023-09-28,21.85,22.0,21.7,21.75,4991800.0,-0.15189813862620838,43.24575704495968,-124.71453945699025,12.47868366375456
ACB,2023-09-29,21.8,22.05,21.8,21.85,2338700.0,-0.16735217033887295,44.24189506840248,-98.87295081967211,11.219725841109334
ACB,2023-10-02,21.8,21.95,21.7,21.9,3809300.0,-0.1735642787138687,44.74354122908091,-102.94117647058854,13.229133903129439
ACB,2023-10-03,21.8,21.9,21.6,21.6,5507600.0,-0.20038499862347336,42.377102553637265,-126.63280116110407,15.214303018743621
ACB,2023-10-04,21.55,21.7,21.5,21.6,3178300.0,-0.21911479344013074,42.377102553637265,-138.67097369635482,17.17454931609077
ACB,2023-10-05,21.75,21.95,21.6,21.6,3350700.0,-0.23129209942537443,42.37710255363726,-110.29743127534829,10.56360493306556
ACB,2023-10-06,21.6,21.9,21.55,21.8,2440800.0,-0.22224250041750793,44.541857457974025,-99.16630100921394,11.595552375696801
ACB,2023-10-09,21.7,22.55,21.7,22.5,8978000.0,-0.15677922483679296,51.182101238508146,-1.792917974002255,3.3947571119282864
ACB,2023-10-10,22.5,22.85,22.5,22.8,6535100.0,-0.07977205194777426,53.642928709108126,86.77225072496174,9.217114383219535
ACB,2023-10-11,22.8,22.8,22.55,22.7,2844500.0,-0.02650692159943091,52.72642876485396,75.50316913154693,9.217114383219524
ACB,2023-10-12,22.7,22.9,22.5,22.7,5633800.0,0.015527091312804941,52.72642876485396,74.40674207141208,11.12780047378787
ACB,2023-10-13,22.6,22.7,22.5,22.65,4691800.0,0.04429417161369642,52.24877566746199,54.6519193233567,11.127800473787875
ACB,2023-10-16,22.55,22.7,22.4,22.6,4219800.0,0.06233910151765443,51.76367419458821,44.726012562269744,8.679969750181051
ACB,2023-10-17,22.6,22.65,22.45,22.45,3657500.0,0.0638006380348024,50.31393697768735,37.81326236416045,8.679969750181034
ACB,2023-10-18,22.45,22.45,22.05,22.05,6208800.0,0.03230981179570236,46.70546079411327,-25.085518814138645,0.684480496001584
ACB,2023-10-19,22.05,22.15,21.8,21.8,6209300.0,-0.012673710890723555,44.63569540086081,-73.72793354101685,5.925410778131915
ACB,2023-10-20,21.8,22.1,21.8,21.9,3670300.0,-0.03979557384002064,45.63264885468312,-65.06249269945093,5.925410778131924
ACB,2023-10-23,22.1,22.1,21.7,21.8,2398300.0,-0.06856859382775937,44.798145049476595,-73.39765678842109,8.003522853229263
ACB,2023-10-24,21.95,22.1,21.8,21.9,2550700.0,-0.08235294175173635,45.823065888748474,-55.574812247256155,8.00352285322927
ACB,2023-10-25,22.2,22.25,21.9,21.9,2487200.0,-0.09221414947847961,45.823065888748474,-35.112692763938504,4.304907647350685
ACB,2023-10-26,21.75,21.75,20.95,21.1,12593400.0,-0.16270695724754347,39.5382745236556,-177.4084124830395,21.84109902180521
ACB,2023-10-27,21.45,21.7,21.2,21.55,3180900.0,-0.18018471880738218,44.007024456150695,-124.8875899280575,21.84109902180521
ACB,2023-10-30,21.6,21.65,21.3,21.3,3856500.0,-0.21176775457298191,42.21389481008404,-128.97526501766782,21.8410990218052
ACB,2023-10-31,21.35,21.55,21.25,21.4,3489400.0,-0.22612178254235005,43.17204797726605,-123.9120974760661,22.66680933481779
ACB,2023-11-01,21.4,21.65,21.35,21.6,4832800.0,-0.21883651348652933,45.05690280187256,-92.88537549407191,20.04295811122691
ACB,2023-11-02,21.75,22.3,21.6,22.3,5148100.0,-0.15479436236317667,50.94760924684087,15.582034830430317,4.948273324993302
ACB,2023-11-03,22.3,22.4,22.05,22.05,4885400.0,-0.1227978694618237,49.00640035245958,37.709497206703944,2.8892221357744408
ACB,2023-11-06,22.2,22.35,22.1,22.2,3789100.0,-0.08436417423185816,50.1845144111852,46.92891649413388,2.8892221357744456
ACB,2023-11-07,22.1,22.25,22.1,22.1,2325400.0,-0.061268097635938545,49.397453707951236,31.536113936928068,2.88922213577444
ACB,2023-11-08,22.1,22.9,22.05,22.8,7911900.0,0.013365786849597328,54.55823005625444,109.01893655718308,9.83966638633278
ACB,2023-11-09,22.9,22.9,22.55,22.55,4763900.0,0.051744291368468254,52.577137215305854,114.05835543766607,9.839666386332782
ACB,2023-11-10,22.4,22.6,22.25,22.4,5047700.0,0.06925742976509852,51.41826257121012,63.66816591704154,3.514441731204869
ACB,2023-11-13,22.45,22.6,22.2,22.45,3415300.0,0.08617789512125995,51.78472225310632,59.55555555555573,2.496790359666957
ACB,2023-11-14,22.45,22.9,22.45,22.7,10301200.0,0.11839560564108709,53.5952647310662,99.76617303195692,8.104272577937529
ACB,2023-11-15,23.0,23.5,22.95,23.25,32333400.0,0.18616280783592032,57.24883866395461,179.90610328638508,17.87602002107758
ACB,2023-11-16,23.25,23.4,23.1,23.3,8080900.0,0.24112386017847243,57.56305609449927,167.9450588655018,17.876020021077586
ACB,2023-11-17,23.4,23.4,22.55,22.7,12350400.0,0.23357341560151568,52.750117809574135,98.68421052631545,6.741577363931688
ACB,2023-11-20,22.4,22.95,22.15,22.5,10207600.0,0.20904160386057669,51.271868792000426,41.06529209621982,0.34082909990412286
ACB,2023-11-21,22.65,22.8,22.5,22.6,3711000.0,0.1954164909141376,51.968090054760175,57.32814526588892,0.34082909990412186
ACB,2023-11-22,22.5,22.75,22.35,22.7,4392400.0,0.19049178429326474,52.66768796325879,52.91557876414326,2.925644476926537
ACB,2023-11-23,22.7,22.75,22.2,22.2,5181900.0,0.14457650948439493,48.97781579447284,21.151271753682142,5.462180854858369
ACB,2023-11-24,22.3,22.3,21.8,22.05,7898300.0,0.09498959606451507,47.935571590124916,-29.843976777938796,11.818504856715819
ACB,2023-11-27,22.05,22.1,21.85,21.85,3259000.0,0.039102531749058755,46.56870468969963,-45.85392641405752,11.818504856715816
ACB,2023-11-28,21.9,22.1,21.7,21.9,4187100.0,-0.0011406386604697616,46.95984838902446,-48.2593479462153,14.135327276779286
ACB,2023-11-29,22.0,22.35,22.0,22.05,4828800.0,-0.020691377429642444,48.13808813934855,-9.26860603835916,9.189181566446827
ACB,2023-11-30,22.05,22.3,21.95,21.95,5243600.0,-0.043750316608573314,47.41173674307675,-21.33580705009313,9.996158491385444
ACB,2023-12-01,22.15,22.15,21.75,21.95,5734700.0,-0.06131785794125477,47.41173674307675,-40.958484257453506,13.188320561505378
ACB,2023-12-04,22.05,22.45,22.0,22.3,9041000.0,-0.046462594222518305,50.2248368555866,7.207890743550743,7.283955780474102
ACB,2023-12-05,22.3,22.45,22.05,22.15,3557500.0,-0.04626017855429865,49.06129544974205,-0.09702144173956996,7.283955780474112
ACB,2023-12-06,22.15,22.3,22.0,22.3,2791900.0,-0.03360859729225396,50.25349549716652,-4.132231404959315,8.138628327545783
ACB,2023-12-07,22.3,22.5,22.2,22.4,7237600.0,-0.015336177815811425,51.04370416118495,20.176544766707796,4.165328871743998
ACB,2023-12-08,22.4,22.55,22.3,22.4,3812500.0,-0.000845408393349345,51.04370416118496,25.07211005103209,3.1848244950441638
ACB,2023-12-11,22.45,22.5,22.25,22.4,2274400.0,0.010517392816765891,51.04370416118496,12.99638989169801,4.118475426893546
ACB,2023-12-12,22.45,22.5,22.3,22.5,3228200.0,0.027277224046155624,51.88973603914584,18.094731240021552,4.118475426893543
ACB,2023-12-13,22.5,22.55,22.3,22.3,3929800.0,0.024142878439022297,50.09848672538804,-0.7412898443287746,3.0549291766517164
ACB,2023-12-14,22.4,22.75,22.3,22.5,6945700.0,0.03736647799538062,51.81905972584794,31.505604362314582,1.1243481265991582
ACB,2023-12-15,22.6,22.85,22.55,22.75,6189100.0,0.06724403915212562,53.87553729890089,79.9701046337827,3.1557668224510316
ACB,2023-12-18,22.7,22.8,22.65,22.8,6388000.0,0.09387467493986534,54.27928952460941,81.87899941826686,3.1557668224510373
ACB,2023-12-19,22.8,23.1,22.8,23.05,11470900.0,0.13361235625572832,56.25971488920851,129.42155638784897,9.148306015076106
ACB,2023-12-20,23.05,23.25,23.05,23.2,8859100.0,0.1751890312894595,57.40491018415011,157.35520246027792,11.96591821046081
ACB,2023-12-21,23.2,23.25,23.05,23.25,7082700.0,0.2097554971274036,57.78602531647006,147.2812387468489,11.965918210460803
ACB,2023-12-22,23.2,23.3,23.2,23.2,4510000.0,0.23045850600753326,57.25606734815965,141.13980409617116,12.92918383740121
ACB,2023-12-25,23.25,23.45,23.2,23.35,7582400.0,0.25601831631524163,58.43897108893703,143.47512617159285,15.78881177471397
ACB,2023-12-26,23.4,23.4,23.25,23.25,5728800.0,0.26514901309403527,57.34451384201046,125.36273940800915,15.78881177471397
ACB,2023-12-27,23.2,23.4,23.2,23.3,4866000.0,0.27326965572022743,57.75375342277188,124.1591389582931,14.447992165457595
ACB,2023-12-28,23.3,23.95,23.3,23.75,10513000.0,0.3124152343507731,61.21792609143766,178.28740521546192,24.408726551614865
ACB,2023-12-29,23.9,24.1,23.8,23.9,9195100.0,0.3514903716328135,62.28436224385377,196.3986599664994,26.812802033640054
